Loctite Threadlocker,Blue Loctite Threadlocker
Loctite Threadlocker,Red Loctite Threadlocker
Loctite Threadlocker,Green Loctite Threadlocker
Loctite Threadlocker,Purple Loctite Threadlocker
Loctite Threadlocker,Clear Loctite Threadlocker
Sealing Cord,PTFE Sealing Cord
Sealing Cord,Silicone Sealing Cord
Sealing Cord,Graphite Sealing Cord
Sealing Cord,Rubber Sealing Cord
Sealing Cord,Foam Sealing Cord
Step Bolts,Standard Step Bolts
Step Bolts,Stainless Steel Step Bolts
Step Bolts,Galvanized Step Bolts
Step Bolts,Zinc-Plated Step Bolts
Step Bolts,Brass Step Bolts
Crimp Sleeves,Aluminum Crimp Sleeves
Crimp Sleeves,Thimble Crimp Sleeves
Crimp Sleeves,Copper Crimp Sleeves
Crimp Sleeves,Stainless Steel Crimp Sleeves
Crimp Sleeves,Plastic Crimp Sleeves
Cable Tensioners,Standard Cable Tensioners
Cable Tensioners,Stainless Steel Cable Tensioners
Cable Tensioners,Hook and Eye Cable Tensioners
Cable Tensioners,Threaded Cable Tensioners
Cable Tensioners,Heavy-Duty Cable Tensioners
Wedge Lock Washers,Standard Wedge Lock Washers
Wedge Lock Washers,Stainless Steel Wedge Lock Washers
Wedge Lock Washers,Galvanized Wedge Lock Washers
Wedge Lock Washers,Zinc-Plated Wedge Lock Washers
Wedge Lock Washers,Delta Protekt Coated Wedge Lock Washers
Pliers Wrenches,Standard Pliers Wrenches
Pliers Wrenches,Pipe Pliers Wrenches
Pliers Wrenches,Push-Button Pliers Wrenches
Pliers Wrenches,Long Nose Pliers Wrenches
Pliers Wrenches,Mini Pliers Wrenches
Pipe Clamps,Standard Pipe Clamps
Pipe Clamps,Stainless Steel Pipe Clamps
Pipe Clamps,Quick Release Pipe Clamps
Pipe Clamps,No-Hub Pipe Clamps
Pipe Clamps,Offset Pipe Clamps
Modular Hose System,Standard Modular Hose System
Modular Hose System,Coolant Hose System
Modular Hose System,Air Hose System
Modular Hose System,High Pressure Hose System
Modular Hose System,Anti-Static Hose System
Pinch Clamps,Standard Pinch Clamps
Pinch Clamps,Stainless Steel Pinch Clamps
Pinch Clamps,Stepless Pinch Clamps
Pinch Clamps,Double Ear Pinch Clamps
Pinch Clamps,Quick Release Pinch Clamps

Impact Drivers,Manual Impact Drivers
Impact Drivers,Cordless Impact Drivers
Impact Drivers,Pneumatic Impact Drivers
Impact Drivers,Electric Impact Drivers
Impact Drivers,Heavy-Duty Impact Drivers
Headless Pins,Standard Headless Pins
Headless Pins,Grooved Headless Pins
Headless Pins,Stainless Steel Headless Pins
Headless Pins,Ejector Headless Pins
Headless Pins,Tapered Headless Pins
Ferrules,Wire Ferrules
Ferrules,Aluminum Ferrules
Ferrules,Copper Ferrules
Ferrules,Stainless Steel Ferrules
Ferrules,Coated Ferrules
Stud Finders,Electronic Stud Finders
Stud Finders,Magnetic Stud Finders
Stud Finders,Deephole Stud Finders
Stud Finders,Multi-sensor Stud Finders
Stud Finders,LED Stud Finders
Gasket Fasteners,Standard Gasket Fasteners
Gasket Fasteners,Self-Locking Gasket Fasteners
Gasket Fasteners,Steel Gasket Fasteners
Gasket Fasteners,Brass Gasket Fasteners
Gasket Fasteners,Insulated Gasket Fasteners
Lag Screws,Hex Head Lag Screws
Lag Screws,Flat Head Lag Screws
Lag Screws,Stainless Steel Lag Screws
Lag Screws,Zinc-Plated Lag Screws
Lag Screws,Galvanized Lag Screws
Adhesive Anchors,Standard Adhesive Anchors
Adhesive Anchors,Epoxy Adhesive Anchors
Adhesive Anchors,Acrylic Adhesive Anchors
Adhesive Anchors,Hybrid Adhesive Anchors
Adhesive Anchors,Threaded Adhesive Anchors
Plumb Bobs,Standard Plumb Bobs
Plumb Bobs,Brass Plumb Bobs
Plumb Bobs,Steel Plumb Bobs
Plumb Bobs,Laser Plumb Bobs
Plumb Bobs,Gammon Reels
Cable Ferrules,Aluminum Cable Ferrules
Cable Ferrules,Copper Cable Ferrules
Cable Ferrules,Stainless Steel Cable Ferrules
Cable Ferrules,Duplex Cable Ferrules
Cable Ferrules,Swage Cable Ferrules
Threaded Slotted Round Nuts,Standard Threaded Slotted Round Nuts
Threaded Slotted Round Nuts,Stainless Steel Threaded Slotted Round Nuts
Threaded Slotted Round Nuts,Brass Threaded Slotted Round Nuts
Threaded Slotted Round Nuts,Zinc-Plated Threaded Slotted Round Nuts
Threaded Slotted Round Nuts,Aluminum Threaded Slotted Round Nuts

Clevis Pins,Standard Clevis Pins
Clevis Pins,Universal Clevis Pins
Clevis Pins,Stainless Steel Clevis Pins
Clevis Pins,Detent Clevis Pins
Clevis Pins,Quick-Release Clevis Pins
Set Screws,Socket Set Screws
Set Screws,Cup Point Set Screws
Set Screws,Cone Point Set Screws
Set Screws,Oval Point Set Screws
Set Screws,Full Dog Set Screws
Swage Terminals,Standard Swage Terminals
Swage Terminals,Wire Rope Swage Terminals
Swage Terminals,Swage Eye Terminals
Swage Terminals,Swage Fork Terminals
Swage Terminals,Swage Stud Terminals
Finishing Washers,Countersunk Washers
Finishing Washers,Brass Finishing Washers
Finishing Washers,Stainless Steel Finishing Washers
Finishing Washers,Nickel Plated Finishing Washers
Finishing Washers,Neoprene Finishing Washers
Dowel Centers,Bench Dog Dowel Centers
Dowel Centers,Steel Dowel Centers
Dowel Centers,Plastic Dowel Centers
Dowel Centers,Brass Dowel Centers
Dowel Centers,Self-Centering Dowel Centers
Magnetic Tools,Magnetic Pickup Tools
Magnetic Tools,Magnetic Wristbands
Magnetic Tools,Magnetic Sweepers
Magnetic Tools,Magnetic Tool Holders
Magnetic Tools,Magnetic Hooks and Clips
Measuring Tools,Tape Measures
Measuring Tools,Calipers
Measuring Tools,Steel Rules
Measuring Tools,Protractors
Measuring Tools,Depth Gauges
Drawer Slides,Full-Extension Drawer Slides
Drawer Slides,Soft-Close Drawer Slides
Drawer Slides,Under-Mount Drawer Slides
Drawer Slides,Heavy-Duty Drawer Slides
Drawer Slides,Push-to-Open Drawer Slides
Hammer Drives,Steel Hammer Drives
Hammer Drives,Stainless Steel Hammer Drives
Hammer Drives,Aluminum Hammer Drives
Hammer Drives,Brass Hammer Drives
Hammer Drives,Zinc Plated Hammer Drives
Eye Terminals,Standard Eye Terminals
Eye Terminals,Wire Rope Eye Terminals
Eye Terminals,Stainless Steel Eye Terminals
Eye Terminals,Small Eye Terminals
Eye Terminals,Heavy Duty Eye Terminals

Stud Fasteners,Steel Stud Fasteners
Stud Fasteners,Brass Stud Fasteners
Stud Fasteners,Stainless Steel Stud Fasteners
Stud Fasteners,Aluminum Stud Fasteners
Stud Fasteners,Double-Ended Stud Fasteners
Swivel Fasteners,Standard Swivel Fasteners
Swivel Fasteners,Steel Swivel Fasteners
Swivel Fasteners,Brass Swivel Fasteners
Swivel Fasteners,Stainless Steel Swivel Fasteners
Swivel Fasteners,Aluminum Swivel Fasteners
Sleeve Anchors,Steel Sleeve Anchors
Sleeve Anchors,Stainless Steel Sleeve Anchors
Sleeve Anchors,Zinc-Plated Sleeve Anchors
Sleeve Anchors,Brass Sleeve Anchors
Sleeve Anchors,Aluminum Sleeve Anchors
Beveled Washers,Steel Beveled Washers
Beveled Washers,Stainless Steel Beveled Washers
Beveled Washers,Brass Beveled Washers
Beveled Washers,Zinc-Plated Beveled Washers
Beveled Washers,Aluminum Beveled Washers

Zip Ties,Standard Zip Ties
Zip Ties,Reusable Zip Ties
Zip Ties,Stainless Steel Zip Ties
Zip Ties,Colored Zip Ties
Zip Ties,Heavy Duty Zip Ties
Binder Posts,Screw Posts
Binder Posts,Aluminum Binder Posts
Binder Posts,Plastic Binder Posts
Binder Posts,Brass Binder Posts
Binder Posts,Extension Posts
Drawer Knobs and Pulls,Classic Drawer Knobs
Drawer Knobs and Pulls,Contemporary Drawer Pulls
Drawer Knobs and Pulls,Vintage Drawer Knobs
Drawer Knobs and Pulls,Modern Drawer Pulls
Drawer Knobs and Pulls,Crystal Drawer Knobs
Hooks and Eyes,Metal Hooks and Eyes
Hooks and Eyes,Brass Hooks and Eyes
Hooks and Eyes,Stainless Steel Hooks and Eyes
Hooks and Eyes,Plastic Hooks and Eyes
Hooks and Eyes,Decorative Hooks and Eyes
Metallic Cable Ties,Stainless Steel Cable Ties
Metallic Cable Ties,Aluminum Cable Ties
Metallic Cable Ties,Steel Cable Ties
Metallic Cable Ties,Self-Locking Cable Ties
Metallic Cable Ties,Coated Cable Ties
Tie Wraps,Standard Tie Wraps
Tie Wraps,Heavy Duty Tie Wraps
Tie Wraps,VelcroÂ® Tie Wraps
Tie Wraps,Colored Tie Wraps
Tie Wraps,UV-Resistant Tie Wraps
Garage Storage Hooks,Bike Hooks
Garage Storage Hooks,Storage Bin Hooks
Garage Storage Hooks,Tool Holder Hooks
Garage Storage Hooks,Jumbo Hooks
Garage Storage Hooks,Ladder Hooks
Locking Pliers,Standard Locking Pliers
Locking Pliers,Long Nose Locking Pliers
Locking Pliers,C-Clamp Locking Pliers
Locking Pliers,Welding Locking Pliers
Locking Pliers,Sheet Metal Locking Pliers
Carpenter's Pencils,Standard Carpenter's Pencils
Carpenter's Pencils,Oval Carpenter's Pencils
Carpenter's Pencils,Flat Carpenter's Pencils
Carpenter's Pencils,Soft Lead Carpenter's Pencils
Carpenter's Pencils,Hard Lead Carpenter's Pencils
Screwdriver Bits,Phillips Screwdriver Bits
Screwdriver Bits,Slotted Screwdriver Bits
Screwdriver Bits,Torx Screwdriver Bits
Screwdriver Bits,Hex Screwdriver Bits
Screwdriver Bits,Pozidriv Screwdriver Bits

Locking Fasteners,Lock Washers
Locking Fasteners,Lock Nuts
Locking Fasteners,Locking Clips
Locking Fasteners,Locking Pins
Locking Fasteners,Lock Bolts
Mounting Hardware,TV Mounting Brackets
Mounting Hardware,Wall Mount Brackets
Mounting Hardware,Shelf Mounting Brackets
Mounting Hardware,Projector Mounts
Mounting Hardware,Sign Mounting Brackets
Staple Guns,Manual Staple Guns
Staple Guns,Electric Staple Guns
Staple Guns,Pneumatic Staple Guns
Staple Guns,Heavy-Duty Staple Guns
Staple Guns,Carpet Staple Guns
Cam Locks,Standard Cam Locks
Cam Locks,Combination Cam Locks
Cam Locks,Keyed Cam Locks
Cam Locks,High Security Cam Locks
Cam Locks,Electric Cam Locks
Springs,Compression Springs
Springs,Extension Springs
Springs,Torsion Springs
Springs,Constant Force Springs
Springs,Belleville Springs
Thumb Screws,Knurled Thumb Screws
Thumb Screws,Shoulder Thumb Screws
Thumb Screws,Flat Thumb Screws
Thumb Screws,Plastic Thumb Screws
Thumb Screws,Spade Head Thumb Screws
Wing Screws,Stamped Wing Screws
Wing Screws,Forged Wing Screws
Wing Screws,Plastic Wing Screws
Wing Screws,Brass Wing Screws
Wing Screws,Stainless Steel Wing Screws
O-Rings and Seals,Standard O-Rings
O-Rings and Seals,EPDM O-Rings
O-Rings and Seals,Silicone O-Rings
O-Rings and Seals,Viton O-Rings
O-Rings and Seals,Nitrile O-Rings
Tape,Adhesive Tape
Tape,Double-Sided Tape
Tape,Duct Tape
Tape,Electrical Tape
Tape,Masking Tape
Cotterless Hitch Pins,Standard Cotterless Hitch Pins
Cotterless Hitch Pins,Heavy Duty Cotterless Hitch Pins
Cotterless Hitch Pins,Swivel Cotterless Hitch Pins
Cotterless Hitch Pins,Locking Cotterless Hitch Pins
Cotterless Hitch Pins,Stainless Steel Cotterless Hitch Pins
Brace Fittings,Corner Brace Fittings
Brace Fittings,Flat Brace Fittings
Brace Fittings,Mending Plates
Brace Fittings,T-Plates
Brace Fittings,Strap Fittings
Shelf Supports,Peg Shelf Supports
Shelf Supports,Bracket Shelf Supports
Shelf Supports,Adjustable Shelf Supports
Shelf Supports,Concealed Shelf Supports
Shelf Supports,Locking Shelf Supports

Clamps and Vises,C-Clamps
Clamps and Vises,Bar Clamps
Clamps and Vises,Corner Clamps
Clamps and Vises,Quick-Release Clamps
Clamps and Vises,Bench Vises
Threaded Inserts and Helicoils,Heli-Coil Inserts
Threaded Inserts and Helicoils,Threaded Inserts
Threaded Inserts and Helicoils,Key-locking Inserts
Threaded Inserts and Helicoils,Floating Inserts
Threaded Inserts and Helicoils,Self-Tapping Inserts
Hitch Pins and Clips,Hitch Pin Clips
Hitch Pins and Clips,Hairpin Clips
Hitch Pins and Clips,Square Hitch Pins
Hitch Pins and Clips,Swivel Hitch Pins
Hitch Pins and Clips,Locking Hitch Pins
Strut Channels,Standard Strut Channels
Strut Channels,Deep Strut Channels
Strut Channels,Back-to-Back Strut Channels
Strut Channels,Slotted Strut Channels
Strut Channels,Heavy Duty Strut Channels
Wall Mounts,TV Wall Mounts
Wall Mounts,Speaker Wall Mounts
Wall Mounts,Shelving Wall Mounts
Wall Mounts,Tool Storage Wall Mounts
Wall Mounts,Picture Frame Wall Mounts
Strapping and Banding,Steel Strapping
Strapping and Banding,Polyester Strapping
Strapping and Banding,Polypropylene Strapping
Strapping and Banding,Nylon Strapping
Strapping and Banding,Stretch Film
Strapping and Banding Tools,Strapping Tensioners
Strapping and Banding Tools,Strapping Sealers
Strapping and Banding Tools,Strapping Cutters
Strapping and Banding Tools,Banding Dispensers
Strapping and Banding Tools,Strapping Carts
Crimp Nuts,E-Ring Crimp Nuts
Crimp Nuts,Clip-On Crimp Nuts
Crimp Nuts,GM Crimp Nuts
Crimp Nuts,Push-On Crimp Nuts
Crimp Nuts,Speed Nut Crimp Nuts
Pipe Straps,Steel Pipe Straps
Pipe Straps,Stainless Steel Pipe Straps
Pipe Straps,Galvanized Pipe Straps
Pipe Straps,Plastic Pipe Straps
Pipe Straps,Copper Pipe Straps
Chain and Rope Accessories,Rope Clamps
Chain and Rope Accessories,Chain Links
Chain and Rope Accessories,Wire Rope Clips
Chain and Rope Accessories,Slings
Chain and Rope Accessories,Chain Connectors
Specialty Fasteners,Expansion Joint Covers
Specialty Fasteners,Rivet Nuts
Specialty Fasteners,Structural Fasteners
Specialty Fasteners,Precision Adjusters
Specialty Fasteners,Captive Fasteners

Trim and Molding Fasteners,Panel Clips
Trim and Molding Fasteners,Crown Molding Clips
Trim and Molding Fasteners,Carpet Tack Strips
Trim and Molding Fasteners,Joiner Clips
Trim and Molding Fasteners,Baseboard Clips
Turnbuckles,Standard Turnbuckles
Turnbuckles,Eye and Eye Turnbuckles
Turnbuckles,Hook and Hook Turnbuckles
Turnbuckles,Eye and Hook Turnbuckles
Turnbuckles,Toggle and Toggle Turnbuckles
U-Bolts and V-Bolts,Square U-Bolts
U-Bolts and V-Bolts,Round U-Bolts
U-Bolts and V-Bolts,Hook U-Bolts
U-Bolts and V-Bolts,Long U-Bolts
U-Bolts and V-Bolts,Exhaust V-Bolts
Bumpers and Stoppers,Door Bumpers
Bumpers and Stoppers,Wall Bumpers
Bumpers and Stoppers,Drawer Bumpers
Bumpers and Stoppers,Furniture Stoppers
Bumpers and Stoppers,Floor Mounted Bumpers
Cleats,Boat Cleats
Cleats,Wedge Cleats
Cleats,String Cleats
Cleats,Quick Cleats
Cleats,Open Base Cleats
D-Rings,Standard D-Rings
D-Rings,Welded D-Rings
D-Rings,Non-Welded D-Rings
D-Rings,Webbing D-Rings
D-Rings,Swivel D-Rings
Eyelets and Grommet Installation Tools,Eyelet Insertion Tools
Eyelets and Grommet Installation Tools,Grommet Setting Tools
Eyelets and Grommet Installation Tools,Eyelet Punches
Eyelets and Grommet Installation Tools,Grommet Hole Cutters
Eyelets and Grommet Installation Tools,Grommet Installation Kits
Staples and Tacks,Heavy Duty Staples
Staples and Tacks,Light Duty Staples
Staples and Tacks,Upholstery Tacks
Staples and Tacks,Fence Staples
Staples and Tacks,Cable Tacks

Grommets,Brass Grommets
Furniture Fittings,Cabinet Hinges
Furniture Fittings,Drawer Slides
Furniture Fittings,Leg Levelers
Furniture Fittings,Shelf Pins
Furniture Fittings,Table Brackets
Furniture Fittings,Door Stops
Casters and Wheels,Plate Casters
Casters and Wheels,Stem Casters
Casters and Wheels,Furniture Casters
Casters and Wheels,Pneumatic Casters
Casters and Wheels,Swivel Casters
Chain and Wire,Steel Chain
Chain and Wire,Anchor Chain
Chain and Wire,Decorative Chain
Chain and Wire,Wire Rope
Chain and Wire,Cable
Snap Hooks,Carabiner Snap Hooks
Snap Hooks,Swivel Snap Hooks
Snap Hooks,Quick Links
Snap Hooks,Spring Snap Hooks
Snap Hooks,Double-Ended Snap Hooks
Rope and Twine,Braided Rope
Rope and Twine,Utility Rope
Rope and Twine,Sisal Rope
Rope and Twine,Waxed Twine
Rope and Twine,Jute Twine
Padlocks,Combination Padlocks
Padlocks,Key Padlocks
Padlocks,Discus Padlocks
Padlocks,Long Shackle Padlocks
Padlocks,Weatherproof Padlocks
Window and Screen Hardware,Window Locks
Window and Screen Hardware,Screen Clips
Window and Screen Hardware,Sash Lifts
Window and Screen Hardware,Window Balances
Window and Screen Hardware,Screen Spline
Drawer and Cabinet Hardware,Cabinet Latches
Drawer and Cabinet Hardware,Drawer Locks
Drawer and Cabinet Hardware,Drawer Pulls
Drawer and Cabinet Hardware,Knobs
Drawer and Cabinet Hardware,Backplates
Wall Fasteners,Picture Hangers
Wall Fasteners,Concrete Anchors
Wall Fasteners,Mirror Clips
Wall Fasteners,Anchors
Wall Fasteners,Toggle Bolts
Gate Hardware,Gate Latches
Gate Hardware,Gate Hinges
Gate Hardware,Gate Spring Closers
Gate Hardware,Gate Casters
Gate Hardware,Gate Pulls
Garage Door Hardware,Garage Door Springs
Garage Door Hardware,Garage Door Hinges
Garage Door Hardware,Garage Door Rollers
Garage Door Hardware,Garage Door Brackets
Garage Door Hardware,Garage Door Cables
Hasps and Latches,Locking Hasps
Hasps and Latches,Sliding Latches
Hasps and Latches,Safety Hasps
Hasps and Latches,T-Handle Latches
Hasps and Latches,Door Latches
Shims,Plastic Shims
Shims,Wood Shims
Shims,Metal Shims
Shims,Leveling Shims
Shims,Window Shims
Corner Guards,Metal Corner Guards
Corner Guards,Plastic Corner Guards
Corner Guards,Rubber Corner Guards
Corner Guards,Aluminum Corner Guards
Corner Guards,Stainless Steel Corner Guards

Screws,Wood Screws
Screws,Sheet Metal Screws
Screws,Machine Screws
Screws,Drywall Screws
Screws,Deck Screws
Screws,Concrete Screws
Nails,Common Nails
Nails,Finishing Nails
Nails, Roofing Nails
Nails,Masonry Nails
Nails,Panel Nails
Anchors,Expansion Anchors
Anchors,Threaded Anchors
Anchors,Hollow-Wall Anchors
Anchors,Toggle Bolts
Anchors,Molly Bolts
Hooks,Utility Hooks
Hooks,Cup Hooks
Hooks,Magnetic Hooks
Hooks,S-Hooks
Hooks,CEILING Hooks
Nuts,Hex Nuts
Nuts, Lock Nuts
Nuts,Wing Nuts
Nuts,Flange Nuts
Nuts,Cap Nuts
Nuts,T-Nuts
Washers,Flat Washers
Washers,Lock Washers
Washers,Split Washers
Washers,Fender Washers
Bolts,Hex Bolts
Bolts,Carriage Bolts
Bolts,Eye Bolts
Bolts,Toggle Bolts
Bolts,U-Bolts
Bolts,J-Bolts
Brackets,Shelf Brackets
Brackets,Corner Brackets
Brackets,Support Brackets
Brackets,Fence Brackets
Brackets,Handrail Brackets
Cable Ties,Standard Cable Ties
Cable Ties,Heavy Duty Cable Ties
Cable Ties,Reusable Cable Ties
Cable Ties,Mountable Cable Ties
Cable Ties,Stainless Steel Cable Ties
Rivets,Pop Rivets
Rivets,Solid Rivets
Rivets,Steel Rivets
Rivets,Aluminum Rivets
Rivets,Plastic Rivets
Pins,Cotter Pins
Pins,Roll Pins
Pins,Dowel Pins
Pins,Linch Pins
Pins,Hitch Pins
Keys,Allen Wrenches
Keys,Hex Keys
Keys,Torx Keys
Keys,Ball-End Hex Keys
Keys,Long Arm Hex Keys
Threaded Rods,Steel Threaded Rods
Threaded Rods,Stainless Steel Threaded Rods
Threaded Rods,Zinc-Plated Threaded Rods
Threaded Rods,Brass Threaded Rods
Threaded Rods,Aluminum Threaded Rods
Spacers,Plastic Spacers
Spacers,Metal Spacers
Spacers,Nylon Spacers
Spacers,Fiber Spacers
Spacers,Ceramic Spacers
Retaining Rings,External Retaining Rings
Retaining Rings,Internal Retaining Rings
Retaining Rings,E-Clips
Retaining Rings,Snap Rings
Retaining Rings,C-Clips
Grommets,Rubber Grommets
Grommets,Plastic Grommets
Grommets,Bushing Grommets
Grommets,Metal Grommets
Grommets,Fabric Grommets
