Conduit Reamers,Manual Conduit Reamers
Conduit Reamers,Power Conduit Reamers
Conduit Reamers,Deburring Conduit Reamers
Wire Markers,Clip-On Wire Markers
Wire Markers,Self-Adhesive Wire Markers
Wire Markers,Wrap-Around Wire Markers
Wire Ferrules,Insulated Wire Ferrules
Wire Ferrules,Non-Insulated Wire Ferrules
Wire Ferrules,Twin Wire Ferrules
Multimeter Test Probes,Standard Test Probes
Multimeter Test Probes,Insulated Test Probes
Multimeter Test Probes,High Voltage Test Probes
Tool Bags,Electrician's Tool Bags
Tool Bags,Tool Backpacks
Tool Bags,Tool Pouches
Power Distribution Blocks,Single Pole Distribution Blocks
Power Distribution Blocks,Multi-Pole Distribution Blocks
Power Distribution Blocks,Modular Distribution Blocks
Cable Ties,Stainless Steel Barb Cable Ties
Cable Ties,Nylon Barb Cable Ties
Cable Ties,Mounting Hole Cable Ties
Heat Shrink Tube Kits,Assorted Heat Shrink Tube Kits
Heat Shrink Tube Kits,Colored Heat Shrink Tube Kits
Heat Shrink Tube Kits,Waterproof Heat Shrink Tube Kits
Cable Routing Equipment,Cable Pulleys
Cable Routing Equipment,Cable Rollers
Cable Routing Equipment,Cable Runways

Fish Tape Accessories,Fish Tape Leaders
Fish Tape Accessories,Fish Tape Replacement Tapes
Fish Tape Accessories,Fish Tape Reels
Insulation Tester Accessories,Insulation Tester Probes
Insulation Tester Accessories,Insulation Tester Leads
Insulation Tester Accessories,Insulation Tester Adapters
Temperature Meters,Infrared Temperature Meters
Temperature Meters,Contact Temperature Meters
Temperature Meters,Probe Temperature Meters
Cable Pulling Rope,Double Braided Cable Pulling Rope
Cable Pulling Rope,Twisted Cable Pulling Rope
Cable Pulling Rope,High-Temperature Cable Pulling Rope
Electrical Knockout Sets,Manual Knockout Sets
Electrical Knockout Sets,Hydraulic Knockout Sets
Electrical Knockout Sets,Screwdriver Knockout Sets
Wire Tracer Accessories,Wires and Cables
Wire Tracer Accessories,Probes and Inductive Couplers
Wire Tracer Accessories,Signal Generators
Surge Protectors,Whole House Surge Protectors
Surge Protectors,Precision Electronics Surge Protectors
Surge Protectors,Computer Network Surge Protectors
Electrical Tapes,Waterproof Electrical Tapes
Electrical Tapes,Vinyl Electrical Tapes
Electrical Tapes,High-Voltage Electrical Tapes

Wire Duct,Slotted Wire Duct
Wire Duct,Solid Wire Duct
Wire Duct,Accessories for Wire Duct
Electrical Test Meters,Continuity Testers
Electrical Test Meters,Phase Testers
Electrical Test Meters,Power Analyzer Meters
Cable Terminators,Insulated Cable Terminators
Cable Terminators,Non-Insulated Cable Terminators
Cable Terminators,Heat Shrink Cable Terminators
Torque Screwdrivers,Adjustable Torque Screwdrivers
Torque Screwdrivers,Electrician's Torque Screwdrivers
Torque Screwdrivers,Insulated Torque Screwdrivers
Soldering Stations,Soldering Iron Stations
Soldering Stations,Hot Air Rework Stations
Soldering Stations,Desoldering Stations
Electrical Anchors,Concrete Anchors
Electrical Anchors,Toggle Anchors
Electrical Anchors,Hollow Wall Anchors
Wire Pulling Socks,Single Eye Wire Pulling Socks
Wire Pulling Socks,Double Eye Wire Pulling Socks
Wire Pulling Socks,Offset Eye Wire Pulling Socks
Cable Rings,Cable Support Rings
Cable Rings,Organizing Rings
Cable Rings,D-Rings
Insulated Screwdrivers,Slotted Insulated Screwdrivers
Insulated Screwdrivers,Phillips Insulated Screwdrivers
Insulated Screwdrivers,Pozidriv Insulated Screwdrivers
Bolt Cutters,Mini Bolt Cutters
Bolt Cutters,Standard Bolt Cutters
Bolt Cutters,Heavy Duty Bolt Cutters

Ohm Meters,Analog Ohm Meters
Ohm Meters,Digital Ohm Meters
Ohm Meters,Multi-Range Ohm Meters
Heat Guns,Electric Heat Guns
Heat Guns,Digital Heat Guns
Heat Guns,Variable Temperature Heat Guns
Electrical Tapes,Colored Electrical Tapes
Electrical Tapes,Flame Retardant Electrical Tapes
Electrical Tapes,High Temperature Electrical Tapes
Wire Pulling Grips,Standard Wire Pulling Grips
Wire Pulling Grips,Kellems Wire Pulling Grips
Wire Pulling Grips,Rotating Eye Wire Pulling Grips
Insulated Tool Sets,Electrician's Insulated Tool Sets
Insulated Tool Sets,Insulated Pliers Sets
Insulated Tool Sets,Insulated Screwdriver Sets
Electrical Lubricants,Electrical Greases
Electrical Lubricants,Dielectric Compounds
Electrical Lubricants,Wire Pulling Lubricants
Conduit Benders,Manual Conduit Benders
Conduit Benders,Hydraulic Conduit Benders
Conduit Benders,Conduit Bending Accessories
Split Bolt Connectors,Copper Split Bolt Connectors
Split Bolt Connectors,Aluminum Split Bolt Connectors
Split Bolt Connectors,Bi-Metal Split Bolt Connectors
Wire and Cable Straps,Nylon Wire and Cable Straps
Wire and Cable Straps,Stainless Steel Wire and Cable Straps
Wire and Cable Straps,Adhesive-Backed Wire and Cable Straps
Cable Tensioning Tools,Manual Cable Tensioning Tools
Cable Tensioning Tools,Electric Cable Tensioning Tools
Cable Tensioning Tools,Hydraulic Cable Tensioning Tools

Wire Holders,Adhesive Wire Holders
Wire Holders,Screw Mount Wire Holders
Wire Holders,Magnetic Wire Holders
Outlet Testers,GFCI Outlet Testers
Outlet Testers,Standard Outlet Testers
Outlet Testers,Polarity Outlet Testers
Electrical Meters,Clamp Meters
Electrical Meters,Power Quality Analyzers
Electrical Meters,Earth Ground Testers
Twist-on Wire Connectors,Standard Wire Connectors
Twist-on Wire Connectors,Weatherproof Wire Connectors
Twist-on Wire Connectors,High-Temperature Wire Connectors
Multimeter Accessories,Test Leads
Multimeter Accessories,Magnetic Hanging Straps
Multimeter Accessories,Protective Cases
Cable Protection,Cable Protectors
Cable Protection,Cable Ramps
Cable Protection,Floor Cord Covers
Battery Hydrometers,Analog Battery Hydrometers
Battery Hydrometers,Digital Battery Hydrometers
Battery Hydrometers,Specific Gravity Battery Hydrometers
Watt Meters,Analog Watt Meters
Watt Meters,Digital Watt Meters
Watt Meters,Portable Watt Meters
Tape Measures,Electrician's Tape Measures
Tape Measures,Magnetic Tape Measures
Tape Measures,Long-Reach Tape Measures
Telecommunications Tools,Cable Crimpers
Telecommunications Tools,Punchdown Tools
Telecommunications Tools,Telephone Line Testers
Magnetic Sweepers,Handheld Magnetic Sweepers
Magnetic Sweepers,Push-Type Magnetic Sweepers
Magnetic Sweepers,Hanging Magnetic Sweepers

Ground Resistance Testers,Clamp-On Ground Resistance Testers
Ground Resistance Testers,Fall-of-Potential Ground Resistance Testers
Ground Resistance Testers,Selective Ground Resistance Testers
Lanterns,LED Lanterns
Lanterns,Rechargeable Lanterns
Lanterns,Solar-Powered Lanterns
Electrical Repair Tapes,Self-Amalgamating Tapes
Electrical Repair Tapes,Rubber Repair Tapes
Electrical Repair Tapes,Epoxy Repair Tapes
Thread Sealants,Pipe Thread Sealants
Thread Sealants,Thread Sealant Tapes
Thread Sealants,Thread Sealant Sticks
Wire Organizers,Wire Storage Tubes
Wire Organizers,Wire Manager Channels
Wire Organizers,Wire Labels and Dispensers
Splice Boxes,Fiber Optic Splice Boxes
Splice Boxes,Telecommunication Splice Boxes
Splice Boxes,Splice Box Accessories
Battery Testers,Digital Battery Testers
Battery Testers,Analog Battery Testers
Battery Testers,Universal Battery Testers
Wire Marking Flags,Pre-Printed Wire Marking Flags
Wire Marking Flags,Blank Wire Marking Flags
Wire Marking Flags,Custom Wire Marking Flags
Cable Ties,Standard Cable Ties
Cable Ties,Reusable Cable Ties
Cable Ties,Specialty Cable Ties
Electrical Epoxy,Electrical Insulating Epoxy
Electrical Epoxy,Conductive Epoxy
Electrical Epoxy,Encapsulating Epoxy

Label Printers,Portable Label Printers
Label Printers,Desktop Label Printers
Label Printers,Label Printer Tapes
Grommet Kits,Rubber Grommet Kits
Grommet Kits,Metal Grommet Kits
Grommet Kits,Grommet Installation Tools
Wire Racks,Wire Spool Racks
Wire Racks,Cable Reel Racks
Wire Racks,Stackable Wire Racks
Cable Stripping Tools,Coaxial Cable Stripping Tools
Cable Stripping Tools,Fiber Optic Cable Stripping Tools
Cable Stripping Tools,Adjustable Cable Stripping Tools
Anti-static Wrist Straps,Adjustable Anti-static Wrist Straps
Anti-static Wrist Straps,Disposable Anti-static Wrist Straps
Anti-static Wrist Straps,Anti-static Grounding Kits
Test Leads,Modular Test Leads
Test Leads,Insulated Test Leads
Test Leads,Test Lead Probe Kits
Waterproof Connectors,Waterproof Wire Connectors
Waterproof Connectors,Waterproof Cable Glands
Waterproof Connectors,Waterproof Terminal Blocks
Electrical Training Books,NEC Code Books
Electrical Training Books,Electrical Wiring Books
Electrical Training Books,Electrical Safety Books
Trouble Lights,Incandescent Trouble Lights
Trouble Lights,LED Trouble Lights
Trouble Lights,Fluorescent Trouble Lights
Insulation Tester,Megger Insulation Tester
Insulation Tester,Insulation Resistance Tester
Insulation Tester,Digital Insulation Tester

Electrical Grease,Dielectric Grease
Electrical Grease,Conductive Grease
Electrical Grease,Anti-Corrosion Grease
Capacitor Testers,Digital Capacitor Testers
Capacitor Testers,Analog Capacitor Testers
Capacitor Testers,Capacitance Meters
Lockout/Tagout Devices,Electrical Plug Lockouts
Lockout/Tagout Devices,Circuit Breaker Lockouts
Lockout/Tagout Devices,Panel Lockouts
Cable Guards,Cable Protectors
Cable Guards,Cable Ramps
Cable Guards,Floor Cord Covers
Electrical Repair Kits,Wire Terminal Repair Kits
Electrical Repair Kits,Heat Shrink Repair Kits
Electrical Repair Kits,Insulated Tool Repair Kits
Crimping Tools,Hand Crimping Tools
Crimping Tools,Hydraulic Crimping Tools
Crimping Tools,Battery-Powered Crimping Tools
Dummy Load Testers,DC Dummy Load Testers
Dummy Load Testers,AC Dummy Load Testers
Dummy Load Testers,RF Dummy Load Testers
Power Conditioners,Digital Power Conditioners
Power Conditioners,Analog Power Conditioners
Power Conditioners,Line Interactive Power Conditioners
High Voltage Gloves,Electrician's Insulating Gloves
High Voltage Gloves,High Voltage Glove Protectors
High Voltage Gloves,Glove Storage Bags
Solder,Solder Wire
Solder,Solder Paste
Solder,Solder Bar
Voltage Detectors,Non-Contact Voltage Detectors
Voltage Detectors,Wiggy Voltage Testers
Voltage Detectors,Solenoid Voltage Testers

Safety Relays,Emergency Stop Relays
Safety Relays,Light Curtain Controllers
Safety Relays,Safety Mat Controllers
Step Stools,Electrical Step Stools
Step Stools,Folding Step Stools
Step Stools,Non-Slip Step Stools
Magnetic Pickup Tools,Telescoping Magnetic Pickup Tools
Magnetic Pickup Tools,Flexible Magnetic Pickup Tools
Magnetic Pickup Tools,LED Lighted Magnetic Pickup Tools
Adjustable Wrenches,Insulated Adjustable Wrenches
Adjustable Wrenches,Non-Insulated Adjustable Wrenches
Adjustable Wrenches,Extra Wide Adjustable Wrenches
Insulated Pliers,Lineman's Pliers
Insulated Pliers,Needle Nose Pliers
Insulated Pliers,Diagonal Cutting Pliers
Cable Tie Tensioning Tools,Manual Cable Tie Tensioning Tools
Cable Tie Tensioning Tools,Auto Cut-Off Cable Tie Tensioning Tools
Cable Tie Tensioning Tools,Adjustable Cable Tie Tensioning Tools
Wire Pulling Machines,Manual Wire Pulling Machines
Wire Pulling Machines,Electric Wire Pulling Machines
Wire Pulling Machines,Hydraulic Wire Pulling Machines
Electrical Contact Cleaners,Contact Cleaner Sprays
Electrical Contact Cleaners,Contact Cleaner Wipes
Electrical Contact Cleaners,Contact Cleaner Pens
Punchdown Tools,Manual Punchdown Tools
Punchdown Tools,Impact Punchdown Tools
Punchdown Tools,Punchdown Tool Blades

Cable Glands,Plastic Cable Glands
Cable Glands,Metal Cable Glands
Cable Glands,Round Wire Mesh Cable Glands
Insulation Piercing Connectors,Aluminum Connectors
Insulation Piercing Connectors,Copper Connectors
Insulation Piercing Connectors,Bi-Metal Connectors
Cable Stands,Portable Cable Stands
Cable Stands,Fixed Cable Stands
Cable Stands,Adjustable Cable Stands
Temporary Power Distribution Equipment,Spider Boxes
Temporary Power Distribution Equipment,Power Distribution Panels
Temporary Power Distribution Equipment,Temporary Power Cords
Amp Meters,Analog Amp Meters
Amp Meters,Digital Amp Meters
Amp Meters,Panel Mounted Amp Meters
Cable Lugs,Copper Cable Lugs
Cable Lugs,Aluminum Cable Lugs
Cable Lugs,Bi-Metal Cable Lugs
Ring Terminals,Insulated Ring Terminals
Ring Terminals,Non-Insulated Ring Terminals
Ring Terminals,Crimp Ring Terminals
Bus Bars,Ground Bus Bars
Bus Bars,Neutral Bus Bars
Bus Bars,Power Distribution Bus Bars
Fish Poles,Telescoping Fish Poles
Fish Poles,Flexible Fish Poles
Fish Poles,Non-Conductive Fish Poles
Heat Shrink Guns,Electric Heat Shrink Guns
Heat Shrink Guns,Propane Heat Shrink Guns
Heat Shrink Guns,Infrared Heat Shrink Guns
Cable Slitters,Round Cable Slitters
Cable Slitters,Insulation Slitters
Cable Slitters,Fiber Optic Cable Slitters

Strain Relief,Round Cable Strain Relief
Strain Relief,Flat Cable Strain Relief
Strain Relief,Strain Relief Plates
Arc Flash Protection,Arc Flash Suits
Arc Flash Protection,Arc Flash Gloves
Arc Flash Protection,Arc Flash Face Shields
Wire Rope and Cable Clamps,U-Bolt Cable Clamps
Wire Rope and Cable Clamps,Fist Grip Cable Clamps
Wire Rope and Cable Clamps,Wire Rope Clips
Multimeters,Digital Multimeters
Multimeters,Analog Multimeters
Multimeters,Clamp Multimeters
Phase Meters,Single Phase Meters
Phase Meters,Three Phase Meters
Phase Meters,Phase Rotation Meters
Line Splitters,15 Amp Line Splitters
Line Splitters,20 Amp Line Splitters
Line Splitters,Heavy Duty Line Splitters
Cable Strippers,Coaxial Cable Strippers
Cable Strippers,Fiber Optic Cable Strippers
Cable Strippers,Round Cable Strippers
Conduit Hangers,EMT Conduit Hangers
Conduit Hangers,Rigid Conduit Hangers
Conduit Hangers,PVC Conduit Hangers
Cable Spacers,Horizontal Cable Spacers
Cable Spacers,Vertical Cable Spacers
Cable Spacers,Stackable Cable Spacers
Cable Staples,Insulated Cable Staples
Cable Staples,Non-Insulated Cable Staples
Cable Staples,Plastic Cable Staples

Cable Cutters,Manual Cable Cutters
Cable Cutters,Hydraulic Cable Cutters
Cable Cutters,Ratcheting Cable Cutters
Wire Pulling Lubricant,Wire Pulling Gel
Wire Pulling Lubricant,Wire Pulling Wax
Wire Pulling Lubricant,Wire Pulling Spray
Electrical Identification,Electrical Panel Labels
Electrical Identification,Wire Marker Flags
Electrical Identification,Circuit Breaker Labels
Wireway and Duct,Flexible Wire Duct
Wireway and Duct,Solid-Wall Wire Duct
Wireway and Duct,Slotted-Wall Wire Duct
Manual Transfer Switches,Portable Generator Transfer Switches
Manual Transfer Switches,Manual Transfer Switch Kits
Manual Transfer Switches,Manual Transfer Switch Accessories
Electrical Pneumatic Tools,Electrical Crimping Tools
Electrical Pneumatic Tools,Electrical Cutting Tools
Electrical Pneumatic Tools,Pneumatic Cable Stripping Tools
Electrician's Hammers,Electrician's Claw Hammers
Electrician's Hammers,Electrician's Ball Peen Hammers
Electrician's Hammers,Lineman's Hammers
Megohmmeters,Analog Megohmmeters
Megohmmeters,Digital Megohmmeters
Megohmmeters,High Voltage Megohmmeters
Transformer Accessories,Mechanical Lugs
Transformer Accessories,Fuses and Fuse Blocks
Transformer Accessories,Bushing and Mounting Hardware
Motor Testing Equipment,Electric Motor Testers
Motor Testing Equipment,Motor Rotation Testers
Motor Testing Equipment,Phase Sequence Testers
Electric Tape Dispensers,Desktop Tape Dispensers
Electric Tape Dispensers,Handheld Tape Dispensers
Electric Tape Dispensers,Wall-Mount Tape Dispensers
Service Entrance Equipment,Service Entrance Cables
Service Entrance Equipment,Service Entrance Conduits
Service Entrance Equipment,Service Entrance Connectors

Insulating Materials,Electrical Insulation Tape
Insulating Materials,Insulating Sleeves
Insulating Materials,Insulating Sheets
Wire Ties,Nylon Wire Ties
Wire Ties,Stainless Steel Wire Ties
Wire Ties,Reusable Wire Ties
Cable Supports,Cable Tray Supports
Cable Supports,Cable Support Brackets
Cable Supports,Cable Ladders
Mounting Brackets,Switch and Outlet Mounting Brackets
Mounting Brackets,Electrical Box Mounting Brackets
Mounting Brackets,Conduit Mounting Brackets
Wire Mesh Cable Trays,Horizontal Wire Mesh Cable Trays
Wire Mesh Cable Trays,Vertical Wire Mesh Cable Trays
Wire Mesh Cable Trays,Cable Tray Accessories
Electrical Terminals,Insulated Terminals
Electrical Terminals,Uninsulated Terminals
Electrical Terminals,Terminal Assortments
Wire Splicing Tools,Wire Splice Connectors
Wire Splicing Tools,Butt Splice Connectors
Wire Splicing Tools,Tap Splice Connectors
Grounding Accessories,Grounding Pigtails
Grounding Accessories,Grounding Screws
Grounding Accessories,Grounding Kits
Circuit Mapper Systems,Residential Circuit Mapper Systems
Circuit Mapper Systems,Commercial Circuit Mapper Systems
Circuit Mapper Systems,Industrial Circuit Mapper Systems
Energy Monitoring Devices,Home Energy Monitors
Energy Monitoring Devices,Commercial Energy Monitors
Energy Monitoring Devices,Industrial Energy Monitors

Wire Stripping Tool,Manual Wire Strippers
Wire Stripping Tool,Self-Adjusting Wire Strippers
Wire Stripping Tool,Wire Stripping Machines
Wire Labels,Printable Wire Labels
Wire Labels,Pre-Printed Wire Labels
Wire Labels,Wire Label Dispensers
Wire Labels,Wire Label Makers
Soldering Accessories,Soldering Iron Stands
Soldering Accessories,Soldering Iron Tips
Soldering Accessories,Soldering Paste
Soldering Accessories,Desoldering Pumps
Signaling Devices,Signal Bells
Signaling Devices,Signal Sirens
Signaling Devices,Signal Lights
Enclosures,Electrical Enclosures
Enclosures,Enclosure Accessories
Insulation Testing,Insulation Resistance Testers
Insulation Testing,Insulation Test Meters
Insulation Testing,Multimeter Test Probes
Grommets,Rubber Grommets
Grommets,Plastic Grommets
Grommets,Metal Grommets
Cable Clamps,Nylon Cable Clamps
Cable Clamps,Stainless Steel Cable Clamps
Cable Clamps,Adhesive-Backed Cable Clamps
Electrical Plan Software,Residential Electrical Plan Software
Electrical Plan Software,Commercial Electrical Plan Software
Electrical Plan Software,Industrial Electrical Plan Software
Infrared Thermometers,Surface Infrared Thermometers
Infrared Thermometers,Non-Contact Infrared Thermometers

Specialty Electrical,Metal Detectors
Specialty Electrical,Cable Tracers
Specialty Electrical,Electrical Solder
Specialty Electrical,Soldering Irons
Terminal Strip,Barrier Terminal Strip
Terminal Strip,Euro-Style Terminal Strip
Terminal Strip,Ground Terminal Strip
Voltage Tester,Pen-Style Voltage Testers
Voltage Tester,Two-Pole Voltage Testers
Voltage Tester,Wireless Voltage Testers
Earthing Materials,Grounding Rods
Earthing Materials,Ground Clamps
Earthing Materials,Ground Bars
Weatherproofing,Weatherproof Boxes
Weatherproofing,Weatherproof Covers
Weatherproofing,Weatherproof Connectors
Electric Vehicle Chargers,Level 1 EV Chargers
Electric Vehicle Chargers,Level 2 EV Chargers
Electric Vehicle Chargers,EV Charger Accessories
Heat Shrink Tubing,Polyolefin Heat Shrink Tubing
Heat Shrink Tubing,Silicone Rubber Heat Shrink Tubing
Heat Shrink Tubing,Adhesive-lined Heat Shrink Tubing
Splicing Kits,Heat Shrink Splicing Kits
Splicing Kits,Cold Shrink Splicing Kits
Splicing Kits,Motor Lead Splicing Kits
Tools,Electrician's Scissors
Tools,Electrical Nut Drivers
Tools,Tone and Probe Testers
Tools,Electrical Saw Blades
Tools,Inspection Cameras

Transformers,Step-Up Transformers
Transformers,Step-Down Transformers
Transformers,Isolation Transformers
Battery Chargers,Car Battery Chargers
Battery Chargers,Rechargeable Battery Chargers
Battery Chargers,Universal Battery Chargers
Emergency Lighting,Exit Signs
Emergency Lighting,Emergency Lights
Emergency Lighting,Backup Power Systems
Heat Cable,Heat Tape
Heat Cable,Roof De-Icing Cables
Heat Cable,Pipe Heating Cables
Heat Cable,Thermostats and Controls
Solar Panels,Monocrystalline Solar Panels
Solar Panels,Polycrystalline Solar Panels
Solar Panels,Flexible Solar Panels
Solar Panels,Solar Panel Accessories
Solar Power Accessories,Solar Charge Controllers
Solar Power Accessories,Solar Inverters
Solar Power Accessories,Solar Power Cables
Solar Power Accessories,Solar Panel Mounting Kits
UPS Systems,Desktop UPS Systems
UPS Systems,Industrial UPS Systems
UPS Systems,Uninterruptible Power Supply Accessories
Voltage Regulators,Automatic Voltage Regulators
Voltage Regulators,Line Conditioners
Voltage Regulators,Servo Voltage Stabilizers
Tools,Non-Contact Voltage Testers
Tools,Wireless Voltage Detectors
Tools,Electrical Fish Tapes
Tools,Conduit Measuring Tapes
Tools,Cable Pulling Grips
Electricians Gloves,Insulating Gloves
Electricians Gloves,High Voltage Gloves
Electricians Gloves,Rubber Insulating Gloves

Cable Management,Cable Ties
Cable Management,Cable Clips
Cable Management,Cord Covers
Cable Management,Cable Organizers
Smoke and Carbon Monoxide Detectors,Smoke Detectors
Smoke and Carbon Monoxide Detectors,Carbon Monoxide Detectors
Smoke and Carbon Monoxide Detectors,Combination Detectors
Intercom Systems,Indoor Intercom Units
Intercom Systems,Outdoor Intercom Units
Intercom Systems,Intercom Accessories
Electrical Tape,Standard Electrical Tape
Electrical Tape,Colored Electrical Tape
Wire Connectors,Wire Nuts
Wire Connectors,Push-In Wire Connectors
Wire Connectors,Terminal Blocks
Wire Connectors,Wire Splices
Wire Markers,Wire Marker Labels
Wire Markers,Wire Marker Dispensers
Wire Markers,Wire Marker Books
Wire Markers,Wire Numbering
Low Voltage,Timers
Low Voltage,Transformers
Low Voltage,Connectors
Raceways,Surface Mount Raceways
Raceways,In-Wall Raceways
Raceways,Raceway Accessories
Power Strips,Standard Power Strips
Power Strips,Surge Protector Power Strips
Power Strips,Smart Power Strips
Fans and Ventilation,Exhaust Fans
Fans and Ventilation,Attic Fans
Fans and Ventilation,Fan Controls
Fans and Ventilation,Vent Ducting
Generators,Portable Generators
Generators,Standby Generators
Generators,Generator Accessories
Tools,Wire Cutters
Tools,Electrical Pliers
Tools,Insulated Tools
Tools,Electrical Screwdrivers
Tools,Electrical Tool Sets
Specialty Electrical,Pool and Spa Equipment
Specialty Electrical,Electrical Test Meters
Specialty Electrical,Electrical Hand Tools
Specialty Electrical,Wire and Cable Pulling Tools

Electrical Wires,Indoor Wires
Electrical Wires,Outdoor Wires
Electrical Wires,Service Entrance Wires
Extension Cords,Indoor Extension Cords
Extension Cords,Outdoor Extension Cords
Extension Cords,Surge Protectors
Conduit,Flexible Conduit
Conduit,Rigid Conduit
Conduit,Conduit Fittings
Wall Plates and Covers,Switch Plates
Wall Plates and Covers,Outlet Covers
Wall Plates and Covers,Blank Covers
Switches and Dimmers,Light Switches
Switches and Dimmers,Dimmer Switches
Switches and Dimmers,Motion Sensor Switches
Outlets and Receptacles,Standard Outlets
Outlets and Receptacles,GFCI Outlets
Outlets and Receptacles,USB Outlets
Circuit Breakers,Standard Circuit Breakers
Circuit Breakers,GFCI Circuit Breakers
Circuit Breakers,AFCI Circuit Breakers
Fuses,Cartridge Fuses
Fuses,Plug Fuses
Fuses,Fuse Holders
Electrical Boxes,Metal Boxes
Electrical Boxes,Plastic Boxes
Electrical Boxes,Box Covers
Connectors and Adapters,Wire Connectors
Connectors and Adapters,Terminal Connectors
Connectors and Adapters,Cable Connectors
Timers and Sensors,In-Wall Timers
Timers and Sensors,Plug-In Timers
Timers and Sensors,Light Sensors
Door Chimes and Bells,Doorbell Buttons
Door Chimes and Bells,Doorbell Chimes
Door Chimes and Bells,Wireless Doorbells
Light Bulbs,LED Bulbs
Light Bulbs,Incandescent Bulbs
Light Bulbs,CFL Bulbs
Light Bulbs,Halogen Bulbs
Light Bulbs,Smart Bulbs
Light Fixtures,Indoor Light Fixtures
Light Fixtures,Outdoor Light Fixtures
Light Fixtures,Smart Light Fixtures
Flashlights and Work Lights,Flashlights
Flashlights and Work Lights,Work Lights
Flashlights and Work Lights,Headlamps
Batteries,AA Batteries
Batteries,AAA Batteries
Batteries,C Battery
Batteries,D Battery
Batteries,9V Batteries
Batteries,Button Cell Batteries
Batteries,Rechargeable Batteries
Tools,Wire Strippers
Tools,Electrical Testers
Tools,Conduit Benders
Tools,Wire Crimpers
Tools,Voltage Testers
