Wallpaper Adhesive,Wallpaper Paste
Wallpaper Adhesive,Prepasted Wallpaper Activator
Wallpaper Adhesive,Wallpaper Primer
Wallpaper Adhesive,Border Adhesive
Wallpaper Adhesive,Wall Size
Masonry and Brick Paint,Masonry Paint
Masonry and Brick Paint,Brick Stain
Masonry and Brick Paint,Elastomeric Coatings
Masonry and Brick Paint,Concrete Stain
Masonry and Brick Paint,Brick Tint
Striping Paint,Inverted Striping Paint
Striping Paint,Parking Lot Striping Paint
Striping Paint,Athletic Field Marking Paint
Striping Paint,Striping Machines
Striping Paint,Stencil Kits

Specialty Primers,Stain Blocking Primers
Specialty Primers,Mold Killing Primers
Specialty Primers,Odor Blocking Primers
Specialty Primers,Rust Inhibiting Primers
Specialty Primers,Bonding Primers
Drywall Repair,Patching Compound
Drywall Repair,Drywall Tape
Drywall Repair,Drywall Corner Bead
Drywall Repair,Drywall Repair Clips
Drywall Repair,Drywall Repair Patches
Wall Paper Tools,Wallpaper Seam Roller
Wall Paper Tools,Wallpaper Smoother
Wall Paper Tools,Paste Brush
Wall Paper Tools,Wallpaper Scissors
Wall Paper Tools,Steamer

Siding Stain,Opaque Stain
Siding Stain,Solid Color Stain
Siding Stain,Wood Preservatives
Concealment Products,Camouflage Paint
Concealment Products,Camouflage Spray Paint
Concealment Products,Camo Stencils
Window Film,Decorative Window Film
Window Film,Privacy Window Film
Window Film,Frosted Window Film
Window Film,UV Blocking Window Film
Window Film,Stained Glass Film
Dip Coatings,Plasti Dip
Dip Coatings,Rubber Dip Coatings
Dip Coatings,Flexible Dip Coatings
Dip Coatings,Color Dip
Dip Coatings,Metallic Dip Coatings
Radiator Paint,Radiator Enamel Paint
Radiator Paint,High Heat Radiator Paint
Radiator Paint,Metallic Radiator Paint
Radiator Paint,Heat Resistant Paint

Finish Coats,Clear Protective Coatings
Finish Coats,Gloss Finish Coats
Finish Coats,Satin Finish Coats
Finish Coats,Matte Finish Coats
Finish Coats,Polyurethane Finish Coats
Antifouling Paint,Antifouling Bottom Paint
Antifouling Paint,Biocide-Free Paint
Antifouling Paint,Aluminum-Compatible Paint
Antifouling Paint,Boat Topside Paint
Furniture and Cabinetry Paint,Chalk Paint
Furniture and Cabinetry Paint,Milk Paint
Furniture and Cabinetry Paint,Latex Paint
Furniture and Cabinetry Paint,Acrylic Paint
Furniture and Cabinetry Paint,Enamel Paint
Paint Repair,Scratch Repair
Paint Repair,Chipped Paint Repair
Paint Repair,Faded Paint Restoration
Siding Stain,Deck Stain
Siding Stain,Exterior Wood Stain
Siding Stain,Semi-Transparent Stain

Step Stools,Metal Step Stools
Step Stools,Plastic Step Stools
Step Stools,Wooden Step Stools
Step Stools,Folding Step Stools
Ladders,Multi-Position Ladders
Ladders,Step Ladders
Ladders,Extension Ladders
Ladders,Fiberglass Ladders
Ladders,Aluminum Ladders
Ladder Accessories,Levelers
Ladder Accessories,Platforms
Ladder Accessories,Ladder Jacks
Ladder Accessories,Ladder Racks
Ladder Accessories,Ladder Stabilizers
Eco-Friendly Paints,Low VOC Paint
Eco-Friendly Paints,Zero VOC Paint
Eco-Friendly Paints,Natural Pigments
Eco-Friendly Paints,Lime Paint
Eco-Friendly Paints,Mineral-Based Paint

Specialty Finishes,Hammered Finish Paint
Specialty Finishes,Glitter Paint
Specialty Finishes,Granite Paint
Specialty Finishes,Stone Texture Paint
Special Finishes,Magnetic Paint
Spray Paint,General Purpose Spray Paint
Spray Paint,Metallic Spray Paint
Spray Paint,High Heat Spray Paint
Spray Paint,Chalky Finish Spray Paint
Spray Paint,Textured Spray Paint
Spray Paint,Enamel Spray Paint
Spray Paint,Appliance Spray Paint
Spray Paint,Fluorescent Spray Paint
Spray Paint,Color Changing Spray Paint
Spray Paint,Auto Spray Paint
Work Lights,Portable Work Lights
Work Lights,Halogen Lights
Work Lights,LED Lights
Work Lights,Clamp Lights
Work Lights,Rechargeable Work Lights

Maintenance and Repair,Paint Sprayer Replacement Parts
Maintenance and Repair,Spray Gun Repair Kits
Maintenance and Repair,Pressure Washer Parts
Maintenance and Repair,Brush Replacements
Maintenance and Repair,Power Tool Repairs
Art Supplies,Acrylic Paint
Art Supplies,Watercolor Paint
Art Supplies,Oil Paint
Art Supplies,Painting Canvases
Art Supplies,Paint Markers
Texture Paints,Textured Paint
Texture Paints,Textured Rollers
Texture Paints,Texture Additives
Texture Paints,Stucco Paint
Specialty Finishes,Metallic Paint
Specialty Finishes,Venetian Plaster
Specialty Finishes,Gold Leaf
Specialty Finishes,Distressed Paint
Specialty Finishes,Glazes
Specialty Finishes,Enamel Paint

Cleaners and Wipes,Mineral Spirits Wipes
Cleaners and Wipes,Acetone Wipes
Cleaners and Wipes,Prep Wipes
Cleaners and Wipes,Paint Remover Wipes
Cleaners and Wipes,Microfiber Cloths
Solvent Containers,Brush Washers
Solvent Containers,Paint Waste Containers
Solvent Containers,Paint Thinner Cans
Solvent Containers,Storage Bottles
Solvent Containers,Safety Cans
Air Purifiers,Paint Fume Absorbers
Air Purifiers,Charcoal Filters
Air Purifiers,Ozone Generators
Air Purifiers,HEPA Filters
Ventilation Fans,Window Fans
Ventilation Fans,Exhaust Fans
Ventilation Fans,Air Movers
Ventilation Fans,Air Scrubbers
Paint Booths,Portable Paint Booths
Paint Booths,Paint Booth Filters

Paint Mixing Machines,Paint Shakers
Paint Mixing Machines,Paint Mixers
Paint Mixing Machines,Colorant Dispensers
Paint Mixing Machines,Manual Mixers
Paint Buckets,5-Gallon Buckets
Paint Buckets,2-Gallon Buckets
Paint Buckets,Lids
Paint Buckets,Bucket Grids
Paint Buckets,Bucket Dolly
Extension Poles,Fixed-Length Extension Poles
Extension Poles,Telescoping Extension Poles
Extension Poles,Roller Frame Adapters
Extension Poles,Paint Brush Adapters
Measuring Cups,Paint Measuring Cups
Measuring Cups,Graduated Cups
Measuring Cups,Squeeze Bottles
Measuring Cups,Funnels
Easels,Painting Easels
Easels,Tabletop Easels
Easels,Floor Easels

Brushes and Sponges,Artist Brushes
Brushes and Sponges,Foam Brushes
Brushes and Sponges,Natural Bristle Brushes
Brushes and Sponges,Polyester Brushes
Brushes and Sponges,Nylon Brushes
Painter's Tape,Blue Tape
Painter's Tape,Frog Tape
Painter's Tape,Masking Tape
Painter's Tape,Delicate Surface Tape
Painter's Tape,Exterior Tape
Drop Cloths,Canvas Drop Cloths
Drop Cloths,Plastic Drop Cloths
Drop Cloths,Paper Drop Cloths
Roller Frames,Standard Roller Frames
Roller Frames,Adjustable Roller Frames
Roller Covers,Smooth Surface Covers
Roller Covers,Rough Surface Covers
Roller Covers,Foam Covers
Roller Covers,Woven Covers
Roller Covers,Knit Covers

Solvents,Mineral Spirits
Solvents,Acetone
Solvents,Turpentine
Solvents,Denatured Alcohol
Solvents,Lacquer Thinner
Solvents,Xylene
Paint Conditioners,Paint Extenders
Paint Conditioners,Emulsifiers
Paint Conditioners,Paint Hardeners
Paint Conditioners,Flow Enhancers
Surface Preparation,TSP Cleaner
Surface Preparation,Degreaser
Surface Preparation,Wood Cleaner
Surface Preparation,Concrete Cleaner
Surface Preparation,Etching Solution
Colorants,Tints
Colorants,Pigments
Colorants,Epoxy Colorants
Colorants,Metallic Additives
Colorants,Stain Colors

Patching and Repair,Joint Compound
Patching and Repair,Wood Fillers
Patching and Repair,Concrete Patching
Patching and Repair,Caulk
Patching and Repair,Plaster Repair
Patching and Repair,Tile and Grout Repair
Paint Removers,Chemical Paint Removers
Paint Removers,Heat Guns
Paint Removers,Paint Removal Tools
Touch-Up Paints,Brush-on Paint
Touch-Up Paints,Paint Pens
Touch-Up Paints,Touch-Up Kits
Paint Pails,Plastic Paint Pails
Paint Pails,Metal Paint Pails
Paint Pails,Disposable Paint Pails
Paint Pails,Paint Pail Liners
Protective Gear,Painting Gloves
Protective Gear,Respirators
Protective Gear,Eye Protection
Protective Gear,Safety Clothing

Protective Coatings,Rust Preventatives
Protective Coatings,Concrete Coatings
Protective Coatings,Drylok
Protective Coatings,Sealants
Faux Finish,Glazing Mediums
Faux Finish,Sheetrock Texture
Faux Finish,Faux Stone Paint
Faux Finish,Crackle Paint
Faux Finish,Specialty Brushes
Strippers and Removers,Paint Strippers
Strippers and Removers,Adhesive Removers
Strippers and Removers,Wallpaper Removers
Strippers and Removers,Scraper Blades
Strippers and Removers,Graffiti Removers
Epoxy,Two-Part Epoxy
Epoxy,Epoxy Putty
Epoxy,Epoxy Repair Kits
Epoxy,Epoxy Glues
Epoxy,Garage Floor Coatings

Paint Sprayers,Handheld Sprayers
Paint Sprayers,Spray Gun Attachments
Paint Sprayers,Paint Sprayer Accessories
Paint Sprayers,Paint Sprayer Filters
Paint Sprayers,Paint Sprayer Tips
Color Matching,Paint Color Samples
Color Matching,Color Swatches
Color Matching,Color Fans
Color Matching,Paint Matching Tools
Stencils,Wall Stencils
Stencils,Letter and Number Stencils
Stencils,Chalkboard Stencils
Stencils,Floor Stencils
Specialty Paints,Countertop Paint
Specialty Paints,Appliance Paint
Specialty Paints,High Heat Paint
Specialty Paints,Floor Paint
Specialty Paints,Glow-in-the-Dark Paint
Specialty Paints,Color Changing Paint

Paint,Chalkboard Paint
Paint,Marine Paint
Paint,Masonry Paint
Paint,Metal Paint
Wallpaper,Wallpaper Paste
Wallpaper,Wallpaper Tools
Paint Accessories,Extension Poles
Paint Accessories,Paint Edgers
Paint Accessories,Rags
Paint Accessories,Stir Sticks
Paint Accessories,Tack Cloth
Paint Accessories,Paint Strainers
Paint Accessories,Paint Can Openers
Paint Accessories,Paint Buckets
Paint Accessories,Cleanup and Disposal
Paint Preparation,Power Sanders
Paint Preparation,Tile and Grout Paint
Paint Preparation,Masking Film
Paint Preparation,Drop Cloth Accessories
Paint Sprayers,Airless Sprayers

Paint,Interior Paint
Paint,Exterior Paint
Paint,Primer
Paint,Spray Paint
Paint,Paint Thinners
Paint,Wood Stain
Paint,Sealers
Wallpaper,Standard Wallpaper
Wallpaper,Removable Wallpaper
Wallpaper,Borders
Wallpaper,Murals
Wallpaper,Wall Decals
Paint Accessories,Paint Brushes
Paint Accessories,Paint Rollers
Paint Accessories,Paint Trays
Paint Accessories,Drop Cloths
Paint Accessories,Painters Tape
Paint Accessories,Sanding Tools
Paint Accessories,Paint Scrapers
Paint Accessories,Ladders

