Pipes and Fittings,Metal Pipe Screens
Pipes and Fittings,Pipe Saddles Support Brackets
Pipes and Fittings,Insulated Pipe Shields
Pipes and Fittings,Pipe Sleeving Kits
Plumbing Fixtures,Water Fountains
Plumbing Fixtures,Hot Water Recirculating Pumps
Plumbing Fixtures,Shower Enclosure Kits
Plumbing Fixtures,Bath Pillows
Plumbing Fixtures,Automatic Soap Dispensers
Plumbing Fixtures,Faucet Extension Kits
Plumbing Accessories,Water Heater Earthquake Straps
Plumbing Accessories,Water Heater Stands
Plumbing Accessories,Toilet Flange Repair Kits
Plumbing Accessories,Shower Volume Control Valves
Plumbing Accessories,Bathtub Overflow Gaskets
Plumbing Accessories,Faucet Sprayers
Plumbing Accessories,Water Hammers Arresters
Plumbing Tools,Plumbing Jaw Clamps
Plumbing Tools,Deburring Tools
Plumbing Tools,Pipe Thawing Units
Plumbing Tools,Toilet Nut Wrenches
Plumbing Tools,Circuit Sensor Tester
Plumbing Tools,Water Flow Meters
Water Supply,Water Tank Float Valves
Water Supply,Water Timers
Water Supply,Sprinkler Valves
Water Supply,Drip Irrigation Tools
Water Supply,Pond Maintenance Supplies
Sewage and Septic,Grease Interceptors
Sewage and Septic,Effluent Filters
Sewage and Septic,Riser Lids
Sewage and Septic,Cleanout Plug Wrenches
Gas Supply,Gas Leak Detector Fluids
Gas Supply,Propane torches
Gas Supply,Fireplace Gas Key
Gas Supply,Propane Tank Accessories

Pipes and Fittings,Pipe Restraints
Pipes and Fittings,Flexible Pipe Connectors
Pipes and Fittings,Pipe Bollards
Pipes and Fittings,Firestop Pipe Collars
Plumbing Fixtures,Bathtub Caddies
Plumbing Fixtures,Handheld Bidet Sprayers
Plumbing Fixtures,Brasscraft Safety+PLUS Gas Connectors
Plumbing Fixtures,Sink Protectors
Plumbing Fixtures,Toilet Supply Lines
Plumbing Fixtures,Shower Soap Dishes
Plumbing Accessories,Angle Stop Valves
Plumbing Accessories,Straight Stop Valves
Plumbing Accessories,Water Heater Element Wrenches
Plumbing Accessories,Shower Drain Screens
Plumbing Accessories,Plumbing Putty and Sealants
Plumbing Accessories,Faucet Repair Tools
Plumbing Accessories,Toilet Seat Repair Parts
Plumbing Tools,Pipe Pry Bars
Plumbing Tools,Plumbing Swaging Tools
Plumbing Tools,Pipe Cleaning Machines
Plumbing Tools,Tub Drain Extractors
Plumbing Tools,Firestop Sealants
Plumbing Tools,Propane and MAPP Gas Cylinders
Water Supply,Water Shut-Off Key
Water Supply,Garden Hose Adapters
Water Supply,Landscape Dripline Irrigation Tubing
Water Supply,Electronic Hose End Water Timers
Water Supply,Pondless Water Features
Sewage and Septic,Stormwater Infiltration
Sewage and Septic,Inlet Filters
Sewage and Septic,Combo Assemblies
Sewage and Septic,Drainage Channel Grates
Gas Supply,Propane Regulator Hoses
Gas Supply,Gas Valve Grease
Gas Supply,Gas Line Drip Leg Kits
Gas Supply,Gas Range Connectors

Pipes and Fittings,Pipe Test Balls
Pipes and Fittings,Grooved Couplings
Pipes and Fittings,Pipe Collars
Pipes and Fittings,Fire Sprinkler Pipes
Plumbing Fixtures,Shower Drains
Plumbing Fixtures,Temperature Control Valves
Plumbing Fixtures,Bathtub Safety Rails
Plumbing Fixtures,Kitchen Sink Grids
Plumbing Fixtures,Electronic Faucets
Plumbing Fixtures,Tub Spout Covers
Plumbing Accessories,Bathtub Drain Linkages
Plumbing Accessories,Washing Machine Outlet Boxes
Plumbing Accessories,Bathroom Robe Hooks
Plumbing Accessories,Toilet Brush Holders
Plumbing Accessories,Tub Diverter Spouts
Plumbing Accessories,Shower Light Trim
Plumbing Accessories,Drain Strainer Baskets
Plumbing Tools,Pipe Joining Compounds
Plumbing Tools,Pipe Support Hardware
Plumbing Tools,Pipe Router Bits
Plumbing Tools,Basin Wrench Extensions
Plumbing Tools,Pipe Cleaning Brushes
Plumbing Tools,Plumbing Soldering Kits
Water Supply,Splash Guards
Water Supply,Frost-Free Hydrants
Water Supply,Hose End Timers
Water Supply,Traveling Sprinklers
Water Supply,Fountain Pumps
Sewage and Septic,Cesspool Treatment Chemicals
Sewage and Septic,Compartment Septic Tanks
Sewage and Septic,Drainfield Fabric Staple Guns
Sewage and Septic,Drainage Basins
Gas Supply,Gas Vent Pipes
Gas Supply,Gas Flex Risers and Fittings
Gas Supply,Gas Line Sealants
Gas Supply,Propane Tank Stabilizers

Pipes and Fittings,Pipe Y Strainers
Pipes and Fittings,Camlock Fittings
Pipes and Fittings,Conduit Pipe
Pipes and Fittings,Swing Joint Assemblies
Plumbing Fixtures,Wall-Mount Bathroom Sinks
Plumbing Fixtures,Solar Water Heaters
Plumbing Fixtures,Kitchen Soap Dispensers
Plumbing Fixtures,Pressure-Balance Valves
Plumbing Fixtures,Water Dispenser Filtration Systems
Plumbing Fixtures,Shower Rods and Rails
Plumbing Accessories,Bathroom Grabs Bars
Plumbing Accessories,Plumbing Test Plugs
Plumbing Accessories,Bathtub Spouts
Plumbing Accessories,Pop-Up Stopper Assemblies
Plumbing Accessories,Garbage Disposal Accessories
Plumbing Accessories,Water Heater Drain Valves
Plumbing Accessories,Bathtub Overflow Covers
Plumbing Tools,Hydrostatic Test Pumps
Plumbing Tools,Pipe Leak Sealing Kits
Plumbing Tools,Leak Detection Fabric
Plumbing Tools,Water Shut-Off Wrenches
Plumbing Tools,Pipe Paralleling Clamps
Plumbing Tools,Drain Weasel Hair Clog Tool
Water Supply,Garden Hose Filters
Water Supply,Watering Wands
Water Supply,Dripline Irrigation Stakes
Water Supply,Lawn Sprinklers
Water Supply,Water Shut-Off Timers
Sewage and Septic,Drainfield Distribution Boxes
Sewage and Septic,Septic Tank Alarms
Sewage and Septic,Drainage & Landscape Fabrics
Sewage and Septic,Seepage Pits
Gas Supply,CSST Gas Pipe Cutter
Gas Supply,Propane Tank Gauges
Gas Supply,Gas Valve Grease Guns
Gas Supply,Propane Tank Covers

Pipes and Fittings,Pipe Flanges
Pipes and Fittings,Pipe Reducers
Pipes and Fittings,Pipe Tees
Pipes and Fittings,Pipe Caps
Plumbing Fixtures,Pot Filler Faucets
Plumbing Fixtures,Corner Sinks
Plumbing Fixtures,Bathroom Ventilation Fans
Plumbing Fixtures,Shower Curtain Rails
Plumbing Fixtures,Hot Water Dispenser Faucets
Plumbing Fixtures,Shower Panels with Body Jets
Plumbing Accessories,Shower Curtain Rings
Plumbing Accessories,Shower Head Filters
Plumbing Accessories,Shower Riser Rails
Plumbing Accessories,Shower Door Seals
Plumbing Accessories,Sink Hole Covers
Plumbing Accessories,Toilet Bowl Wax Rings
Plumbing Accessories,Faucet Aerator Adaptors
Plumbing Tools,Pipe Chamfer Tools
Plumbing Tools,Soldering Mats
Plumbing Tools,Propane Cylinder Stabilizers
Plumbing Tools,Water Supply Line Wrenches
Plumbing Tools,Hose Bibb Vacuum Breakers
Plumbing Tools,Angle Stop Wrenches
Water Supply,Irrigation Controllers
Water Supply,Garden Hose Guides
Water Supply,Pond Pumps
Water Supply,Water Restrictors
Water Supply,Water Collector Diverters
Sewage and Septic,Drainfield Rock Replacements
Sewage and Septic,Septic Leaching Chambers
Sewage and Septic,Overflow Alarm Systems
Sewage and Septic,Sewage Air Pumps
Gas Supply,Propane Tank Top Heaters
Gas Supply,Liquid Propane Regulators
Gas Supply,Natural Gas Conversion Kits
Gas Supply,Gas Shut Off Wrenches

Pipes and Fittings,Pipe Nipples
Pipes and Fittings,Saddle Tees
Pipes and Fittings,Pipe Olets
Pipes and Fittings,Dielectric Nipples
Plumbing Fixtures,Counter Mount Soap Dispensers
Plumbing Fixtures,Foot Pedal Valves
Plumbing Fixtures,Freestanding Bathtub Faucets
Plumbing Fixtures,Bar/Prep Sinks
Plumbing Fixtures,Laundry Faucets
Plumbing Fixtures,Medicine Cabinets
Plumbing Accessories,Shower Drain Hair Catchers
Plumbing Accessories,Toilet Tank Covers
Plumbing Accessories,Shower Splash Guards
Plumbing Accessories,Faucet Stem Supports
Plumbing Accessories,Washing Machine Drain Pans
Plumbing Accessories,Water Heater Expansion Tanks
Plumbing Accessories,Air Gaps
Plumbing Accessories,Shower Extension Arms
Plumbing Tools,Plumbers Tape Measure
Plumbing Tools,Soil Pipe Cutters
Plumbing Tools,Water Jetters
Plumbing Tools,Caulk Guns
Plumbing Tools,Plumbing Gloves
Plumbing Tools,Toilet Auger Replacement Cables
Water Supply,Hose Repair Menders
Water Supply,Drain Boxes and Grates
Water Supply,Sillcock Repair Parts
Water Supply,Hose Bib Locks
Water Supply,Water Meter Couplings
Sewage and Septic,Sewage Basin Vent Kits
Sewage and Septic,Sewage Pit Liner Adaptors
Sewage and Septic,Septic Tank Riser Safety Nets
Sewage and Septic,Septic Tank Manhole Extensions
Gas Supply,Propane Patio Heater Hoses
Gas Supply,Propane Camping Hoses and Adapters
Gas Supply,CSST Bonding Clamps
Gas Supply,Gas Appliance Thermocouples

Pipes and Fittings, Pipe Support Braces
Pipes and Fittings, Pipe Unions
Pipes and Fittings, Pipe Test Plugs
Pipes and Fittings, Pipe Gaskets
Plumbing Fixtures, Vessel Sinks
Plumbing Fixtures, Sensor Faucets
Plumbing Fixtures, Wall-Hung Toilets
Plumbing Fixtures, Urinals
Plumbing Fixtures, Aqua Panel Shower Systems
Plumbing Fixtures, Thermostatic Mixing Valves
Plumbing Accessories, Faucet Spray Heads
Plumbing Accessories, Faucet Cartridges
Plumbing Accessories, Shower Arm Extensions
Plumbing Accessories, Toilet Bowl Gaskets
Plumbing Accessories, Toilet Tank Levers
Plumbing Accessories, Diverter Valves
Plumbing Accessories, Toilet Seat Bumpers
Plumbing Accessories, Anti-Scald Devices
Plumbing Tools, Pipe/PVC Cutters
Plumbing Tools, Pipe Threading Machines
Plumbing Tools, Pipe Freeze Protection Cables
Plumbing Tools, Fin Comb Sets
Plumbing Tools, Pipe Caliper Measuring Tools
Plumbing Tools, Pipe Sealant Dispensing Guns
Plumbing Tools, Pipe Welding Kits
Water Supply, Drip Irrigation Tubing
Water Supply, Drip Irrigation Fittings
Water Supply, Water Pressure Booster Pumps
Water Supply, Garden Hose Splitters
Water Supply, Water Container Pumps
Sewage and Septic, Sewage Check Valves
Sewage and Septic, Septic Tank Distribution Box
Sewage and Septic, Septic Tank Outlet Baffle
Sewage and Septic, Septic Tank Aerator
Gas Supply, Gas Pressure Test Gauges
Gas Supply, Gas BBQ Connections
Gas Supply, Natural Gas Alarm Sensors
Gas Supply, LP Gas Alarm Sensors

Pipes and Fittings,Dielectric Unions
Pipes and Fittings,Compression Reducers
Pipes and Fittings,Nipple Extensions
Pipes and Fittings,Deep Socket Couplings
Plumbing Fixtures,Pedestal Sinks
Plumbing Fixtures,Deep Soaking Tubs
Plumbing Fixtures,Wall-Mount Faucets
Plumbing Fixtures,Pressure Assist Toilets
Plumbing Fixtures,Roman Tub Faucets
Plumbing Fixtures,Floor Mount Tub Fillers
Plumbing Accessories,Toilet Tank Flapper Chains
Plumbing Accessories,Drain Strainer Wrenches
Plumbing Accessories,Tub Spout Diverter Repair Kits
Plumbing Accessories,Faucet Hole Covers
Plumbing Accessories,Overflow Faceplates
Plumbing Accessories,Smoke and Carbon Monoxide Detectors
Plumbing Accessories,Toilet Seat Bolts and Screws
Plumbing Accessories,Water Heater Repair Parts
Plumbing Tools,Drain Plug Wrenches
Plumbing Tools,Water Pump Pliers
Plumbing Tools,Press Fit Slip Coupling Tools
Plumbing Tools,Inspection and Retrieval Tools
Plumbing Tools,Pipe Tracing Tools
Plumbing Tools,Propane Torches
Plumbing Tools,Leak Detector Sensors
Water Supply,Drip Irrigation Emitters
Water Supply,Garden Hose Repair Kits
Water Supply,Pressure Boosting Systems
Water Supply,Water Control Valves
Water Supply,Pond Liners
Sewage and Septic,Sewage Pit Liners
Sewage and Septic,Septic Tank Riser Kits
Sewage and Septic,Air Compressors
Sewage and Septic,Backwater Valves
Gas Supply,Gas Line Safety Cables
Gas Supply,Combustible Gas Leak Detectors
Gas Supply,Flexible Gas Risers
Gas Supply,Gas Line Test Plugs

Pipes and Fittings,Pipe Sleeving
Pipes and Fittings,Standpipe Kits
Pipes and Fittings,Pipe Wrap Insulation
Pipes and Fittings,Combination Couplings
Plumbing Fixtures,Utility Sinks
Plumbing Fixtures,Shampoo Bowls
Plumbing Fixtures,Commercial Kitchen Faucets
Plumbing Fixtures,Bathtub Waste and Overflow Kits
Plumbing Fixtures,Toilet Bidet Seats
Plumbing Fixtures,Utility Shower Faucets
Plumbing Accessories,Toilet Seat Tightening Kits
Plumbing Accessories,Shower Caddy Poles
Plumbing Accessories,Plumbing Trap Adaptors
Plumbing Accessories,Fronesis expansion control valves
Plumbing Accessories,Washing Machine Supply Hoses
Plumbing Accessories,Bathtub Stopper
Plumbing Accessories,Sink Drain Parts
Plumbing Accessories,Pipe Repair Wrap
Plumbing Tools,Tub Drain Remover
Plumbing Tools,Drain Removal Tools
Plumbing Tools,Basin Nut Wrench
Plumbing Tools,Firestop Installation Tools
Plumbing Tools,Pipe Purge Kits
Plumbing Tools,Laser Pipe Alignment Tools
Plumbing Tools,Leak Detection Dyes
Water Supply,Impact Sprinkler Heads
Water Supply,Hose Storage Pots
Water Supply,Pop-up Irrigation Sprinklers
Water Supply,Water Pressure Gauges
Water Supply,Rain Sensors
Sewage and Septic,Chemical Sewer Line Root Killers
Sewage and Septic,Septic Tank Inspection Lid
Sewage and Septic,Baffle Tees
Sewage and Septic,Float Switches
Gas Supply,Gas Safety Valves
Gas Supply,Propane Tank Adaptors
Gas Supply,Gas Meter Bars
Gas Supply,Gas Plug Safety Caps

Pipes and Fittings,Pipe Repair Clamps
Pipes and Fittings,Pipe Saddles
Pipes and Fittings,Pipe Hangers and Brackets
Pipes and Fittings,Pipe Insulation Tape
Plumbing Fixtures,Bathtub Wall Surrounds
Plumbing Fixtures,Laundry Sinks
Plumbing Fixtures,Touchless Faucets
Plumbing Fixtures,Shower Grab Bars
Plumbing Fixtures,ADA Compliant Toilets
Plumbing Fixtures,Shower Enclosure Kits
Plumbing Accessories,Water Chiller Systems
Plumbing Accessories,Ice Maker Supply Lines
Plumbing Accessories,Drain Pipe Augers
Plumbing Accessories,Cisterns
Plumbing Accessories,Toilet Tank Repair Kit
Plumbing Accessories,Drain Grates
Plumbing Accessories,Shower Floor Tile
Plumbing Accessories,Toilet and Sink Parts
Plumbing Tools,Pipe Stands
Plumbing Tools,Drain Cleaning Cables
Plumbing Tools,Pipe Docking Station
Plumbing Tools,Water Leak Detectors
Plumbing Tools,Dry Cutting Lubricants
Plumbing Tools,Toilet Tank Repair Tools
Water Supply,Irrigation Backflow Preventers
Water Supply,Watering Cans
Water Supply,Misting Systems
Water Supply,Well Pump Covers
Water Supply,Irrigation Pump Systems
Sewage and Septic,Septic Tank Treatment Products
Sewage and Septic,Septic Control Panels
Sewage and Septic,Drainage and Ventilation Chambers
Sewage and Septic,Sewage Grinder Pumps
Gas Supply,Gas Fireplace Key Valves
Gas Supply,Gas Appliance Connector Kits
Gas Supply,Gas Flex Riser
Gas Supply,Gas Shutoff Valves

Pipes and Fittings,Barbed Fittings
Pipes and Fittings,SharkBite Fittings
Pipes and Fittings,Pipe Sleeves
Pipes and Fittings,Pipe Support Clamps
Pipes and Fittings,Pipe Heat Cables
Plumbing Fixtures,Pre-rinse Kitchen Faucets
Plumbing Fixtures,Shower Valves
Plumbing Fixtures,Shower Pans
Plumbing Fixtures,Faucet Handles
Plumbing Fixtures,Shower Caddies
Plumbing Accessories,Flexible Water Connectors
Plumbing Accessories,Dishwasher Supply Lines
Plumbing Accessories,Anti-Siphon Valves
Plumbing Accessories,Kitchen Sink Aerators
Plumbing Accessories,Toilet Bowl Caps
Plumbing Accessories,Toilet Handle Levers
Plumbing Accessories,Soap Dispensers
Plumbing Accessories,FloodStop-Systems
Plumbing Accessories,Faucet Repair Parts
Plumbing Tools,Closet Augers
Plumbing Tools,Manifold Gauge Set
Plumbing Tools,Drain Line Cleaning Machines
Plumbing Tools,Pipe Reamers
Plumbing Tools,Water Pipe Locator
Plumbing Tools,Pipe Inspection Cameras
Water Supply,Smart Sprinkler Controllers
Water Supply,Soaker Hoses
Water Supply,Hose Nozzles
Water Supply,Well Water Test Kits
Sewage and Septic,Sewage Basin Alarms
Sewage and Septic,Septic Tank Effluent Filters
Sewage and Septic,Septic Tank Lift Stations
Sewage and Septic,Flexible Sewer Couplings
Gas Supply,Gas Line Pressure Test Kits
Gas Supply,Propane Conversion Kits
Gas Supply,Propane Hose Assemblies
Gas Supply,Flexible Gas Lines

Pipes and Fittings,Black Iron Pipe
Pipes and Fittings,Black Iron Pipe Fittings
Pipes and Fittings,Corrugated Pipe
Pipes and Fittings,Hydronic Piping
Plumbing Fixtures,Instant Hot Water Dispensers
Plumbing Fixtures,Drinking Fountains
Plumbing Fixtures,Shower Trench Drains
Plumbing Fixtures,Handheld Shower Heads
Plumbing Accessories,Bath Overflow Gaskets
Plumbing Accessories,Toilet Seat Hinges & Bolts
Plumbing Accessories,Toilet Fill Valves
Plumbing Accessories,Toilet Flappers
Plumbing Accessories,Shower Curtain Rods
Plumbing Accessories,Pipe Freezing Kits
Plumbing Accessories,Water Hammer Arrestors
Plumbing Tools,Pipe Thawing Machine
Plumbing Tools,Plumbers Crack Brush
Plumbing Tools,Tube Flaring Tools
Plumbing Tools,Pipe Locators
Plumbing Tools,Pipe Extractors
Plumbing Tools,Pipe Clamping Tools
Water Supply,Sprinkler Heads
Water Supply,Garden Hose Connectors
Water Supply,Water Timers
Water Supply,Water Main Repair Kits
Sewage and Septic,Sewage Basin Covers
Sewage and Septic,Sludge and Grease Removers
Sewage and Septic,Sewage Ejector System
Gas Supply,Natural Gas Detectors
Gas Supply,Carbon Monoxide Detectors
Gas Supply,Gas Regulator Vent Limiter
Gas Supply,Flexible Gas Connectors
Gas Supply,Propane Tank Regulators 

Pipes and Fittings,Push-to-Connect Fittings
Pipes and Fittings,Flanges
Pipes and Fittings,ABS Pipe
Pipes and Fittings,CPVC Pipe
Plumbing Accessories,Plumbing Washers
Plumbing Accessories,Toilet Wax Rings
Plumbing Accessories,Water Alarms
Plumbing Accessories,Ultra-quiet Fans
Plumbing Accessories,Kitchen & Bathroom Faucets Escutcheons
Plumbing Accessories,Sink Strainer Baskets
Plumbing Tools,Pipe Beveller
Plumbing Tools,Wet/Dry Vacuums
Plumbing Tools,Pipe Deburring Tools
Plumbing Tools,Pipe Vises and Supports
Plumbing Tools,Water Tester Kits
Water Supply,Submersible Well Pumps
Water Supply,Jet Well Pumps
Water Supply,Sprinkler Timers
Water Supply,Frost-free Sillcocks
Water Supply,Hose Reels
Water Supply,Rain Barrels
Sewage and Septic,Drain Field Fabric
Sewage and Septic,Septic Inlet Fittings
Sewage and Septic,Septic Outlet Fittings
Sewage and Septic,Septic Tank Risers
Sewage and Septic,High Water Alarms
Gas Supply,Yellow Gas Thread Sealant Tape
Gas Supply,Pipe Thread Sealants
Gas Supply,CSST Fittings
Gas Supply,CSST Pipe

Pipes and Fittings,Compression Fittings
Pipes and Fittings,DWV Pipe
Pipes and Fittings,Flexible Pipe
Plumbing Fixtures,Vanity Tops
Plumbing Fixtures,Bidets
Plumbing Fixtures,Shower Panels
Plumbing Fixtures,Shower Doors
Plumbing Fixtures,Towel Warmers
Plumbing Accessories,Pipe Hangers
Plumbing Accessories,Pipe Clamps
Plumbing Accessories,Pipe Couplings
Plumbing Accessories,Drain Cleaners
Plumbing Accessories,Toilet Paper Holders
Plumbing Accessories,Faucet Aerators
Plumbing Accessories,Bidet Faucets
Plumbing Tools,Pipe Bender
Plumbing Tools,Compression Sleeve Puller
Plumbing Tools,Plumbing Inspection Camera
Plumbing Tools,Plumbing Torch
Plumbing Tools,Press Fittings Tool
Water Supply,Water Shut Offs
Water Supply,Backflow Preventers
Water Supply,Pressure Regulators
Sewage and Septic,Leach Field Chambers
Sewage and Septic,Drainage Pipes
Sewage and Septic,Venting Accessories
Sewage and Septic,Chemical Drain Cleaners
Gas Supply,Gas Detectors
Gas Supply,Gas Pipe Threaders
Gas Supply,Gas Pressure Regulator
Gas Supply,Gas Leak Detection Spray

Pipes and Fittings,PVC Pipe
Pipes and Fittings,Copper Pipe
Pipes and Fittings,Galvanized Pipe
Pipes and Fittings,PEX Pipe
Pipes and Fittings,Brass Fittings
Pipes and Fittings,Steel Fittings
Pipes and Fittings,Sewer and Drain Pipe
Plumbing Fixtures,Faucets
Plumbing Fixtures,Sinks
Plumbing Fixtures,Toilets
Plumbing Fixtures,Showers
Plumbing Fixtures,Bathtubs
Plumbing Fixtures,Garbage Disposals
Plumbing Accessories,Sump Pumps
Plumbing Accessories,Plumbing Valves
Plumbing Accessories,Pipe Cement
Plumbing Accessories,Pipe Insulation
Plumbing Accessories,Drain Snakes
Plumbing Accessories,Plungers
Plumbing Accessories,Water Softeners
Plumbing Accessories,Water Heaters
Plumbing Accessories,Toilet Repair Kits
Plumbing Accessories,Shower and Bathtub Parts
Plumbing Tools,Pipe Cutters
Plumbing Tools,Pipe Wrenches
Plumbing Tools,Plumbers Tape
Plumbing Tools,Plumbers Putty
Plumbing Tools,Plumbing Snake
Plumbing Tools,Toilet Plunger
Plumbing Tools,Basin Wrench
Plumbing Tools,Teflon Tape
Water Supply,Water Pumps
Water Supply,Pressure Tanks
Water Supply,Water Meters
Water Supply,Hose Bibs
Water Supply,Water Filters
Water Supply,Water Treatment
Water Supply,Irrigation Supplies
Sewage and Septic,Septic Tanks
Sewage and Septic,Septic Additives
Sewage and Septic,Septic System Components
Sewage and Septic,Ejector Pumps
Gas Supply,Gas Pipes
Gas Supply,Gas Fittings
Gas Supply,Gas Valves
