Cargo Control,Ratchet Tie Down
Cargo Control,Cam Buckle Tie Down
Cargo Control,Bungee Cords
Cargo Control,Tarp Straps
Cargo Control,Corner Protector
Shelving Brackets,Shelf Bracket
Shelving Brackets,Adjustable Shelving Bracket
Shelving Brackets,Heavy Duty Shelf Bracket
Shelving Brackets,Countertop Support Bracket
Shelving Brackets,Floating Shelf Bracket
Poly Film and Sheet,Plastic Sheeting
Poly Film and Sheet,Drop Cloth
Poly Film and Sheet,Painter's Plastic
Poly Film and Sheet,Vapor Barrier
Poly Film and Sheet,Greenhouse Film
Chain Tools,Chain Breaker
Chain Tools,Chain Link Remover
Chain Tools,Chain Pliers
Chain Tools,Chain Swivel
Chain Tools,Master Link
Roofing Tools,Roofing Nailer
Roofing Tools,Shingle Remover
Roofing Tools,Roofing Hatchet
Roofing Tools,Seam Roller
Roofing Tools,Hot Asphalt Kettle
Insulation Tools,Insulation Cutter
Insulation Tools,Insulation Stapler
Insulation Tools,Insulation Knife
Insulation Tools,Insulation Tacker
Insulation Tools,Insulation Blower
Tape Measures,Standard Tape Measure
Tape Measures,Laser Distance Measure
Tape Measures,Long Tape Measure
Tape Measures,Diameter Tape Measure
Tape Measures,Story Pole Tape Measure

Safety Equipment,Safety Glasses
Safety Equipment,Ear Plugs
Safety Equipment,Hard Hats
Safety Equipment,Work Gloves
Safety Equipment,Respirator Masks
Lockout and Tagout Devices,Lockout Hasps
Lockout and Tagout Devices,Padlocks
Lockout and Tagout Devices,Valve Lockouts
Lockout and Tagout Devices,Emergency Stop Button Cover
Lockout and Tagout Devices,Circuit Breaker Lockout
Screw and Bolt Extractor,Screw Extractor
Screw and Bolt Extractor,Bolt Extractor
Screw and Bolt Extractor,Pipe Nipple Extractor
Screw and Bolt Extractor,Left Hand Drill Bit
Screw and Bolt Extractor,Thread Repair Kit
Abrasive Belts and Discs,Sanding Discs
Abrasive Belts and Discs,Sanding Belts
Abrasive Belts and Discs,Sanding Sheets
Abrasive Belts and Discs,Abrasive Rolls
Abrasive Belts and Discs,Wire Wheels

Hand Trucks and Dollies,Appliance Hand Truck
Hand Trucks and Dollies,Platform Hand Truck
Hand Trucks and Dollies,Folding Hand Truck
Hand Trucks and Dollies,Furniture Dolly
Hand Trucks and Dollies,Drum Dolly
Pneumatic Accessories,Air Line Filter
Pneumatic Accessories,Air Line Regulator
Pneumatic Accessories,Air Hose Fittings
Pneumatic Accessories,Air Compressor Hose
Pneumatic Accessories,Air Blow Gun
Stencil and Lettering Guide,Number Stencil
Stencil and Lettering Guide,Alphabet Stencil
Stencil and Lettering Guide,Shape Stencil
Stencil and Lettering Guide,Decorative Stencil
Stencil and Lettering Guide,Lettering Guide
Fastener Assortments,Screw Assortment
Fastener Assortments,Nut and Bolt Assortment
Fastener Assortments,Washer Assortment
Fastener Assortments,Anchor Assortment
Fastener Assortments,Rivet Assortment
Extension Cord Accessories,Cord Organizer
Extension Cord Accessories,Cord Reel
Extension Cord Accessories,Cord Cover
Extension Cord Accessories,Surge Protector
Extension Cord Accessories,Outlet Adapter
Magnets and Pick-Up Tools,Magnet Pick-Up Tool
Magnets and Pick-Up Tools,Rare Earth Magnets
Magnets and Pick-Up Tools,Telescoping Magnet
Magnets and Pick-Up Tools,Sheet Metal Magnet
Magnets and Pick-Up Tools,Magnetic Tool Holder

Vibration Control,Isolation Pads
Vibration Control,Vibration Dampeners
Vibration Control,Rubber Mounts
Vibration Control,Spring Vibration Isolators
Vibration Control,Neoprene Grommets
Keys and Key Blanks,Door Key Blanks
Keys and Key Blanks,Car Key Blanks
Keys and Key Blanks,Padlock Key Blanks
Keys and Key Blanks,Key Accessories
Keys and Key Blanks,Key Duplicates
Gas Cylinders,Propane Tank
Gas Cylinders,Oxygen Tank
Gas Cylinders,MAPP Gas Cylinder
Gas Cylinders,Acetylene Cylinder
Gas Cylinders,CO2 Cylinder
Concrete Tools,Concrete Broom
Concrete Tools,Concrete Trowel
Concrete Tools,Concrete Groover
Concrete Tools,Concrete Edger
Concrete Tools,Cement Mixer

Pulleys and Sheaves,Fixed Eye Pulley
Pulleys and Sheaves,Swivel Eye Pulley
Pulleys and Sheaves,Double Pulley
Pulleys and Sheaves,Sheave
Pulleys and Sheaves,Idler Pulley
Residential Door Hinges,Butt Hinge
Residential Door Hinges,Continuous Hinge
Residential Door Hinges,Concealed Hinge
Residential Door Hinges,Decorative Hinge
Residential Door Hinges,Bifold Door Hinge
Window Hardware,Window Lock
Window Hardware,Window Operator
Window Hardware,Casement Window Hardware
Window Hardware,Window Screen Clip
Window Hardware,Window Balance
Metal Stock,Aluminum Bar
Metal Stock,Steel Bar
Metal Stock,Brass Bar
Metal Stock,Stainless Steel Bar
Metal Stock,Copper Bar
Sheet Metal,Aluminum Sheet
Sheet Metal,Steel Sheet
Sheet Metal,Stainless Steel Sheet
Sheet Metal,Galvanized Sheet
Sheet Metal,Copper Sheet
Plumbing Pipe,PVC Pipe
Plumbing Pipe,Copper Pipe
Plumbing Pipe,Galvanized Pipe
Plumbing Pipe,PEX Pipe
Plumbing Pipe,Black Iron Pipe
Lumber Connectors,Joist Hanger
Lumber Connectors,Post Base
Lumber Connectors,Angle Bracket
Lumber Connectors,Truss Tie Plate
Lumber Connectors,Post Cap

Masonry Anchors,Wedge Anchor
Masonry Anchors,Sleeve Anchor
Masonry Anchors,Concrete Screw
Masonry Anchors,Drop-In Anchor
Masonry Anchors,Hammer Drive Anchor
Hook and Loop Fasteners,Velcro Strips
Hook and Loop Fasteners,Velcro Dots
Hook and Loop Fasteners,Velcro Rolls
Hook and Loop Fasteners,Velcro Ties
Hook and Loop Fasteners,Adhesive Backed Hook and Loop
Pegboard and Slatwall,Steel Pegboard
Pegboard and Slatwall,Wood Pegboard
Pegboard and Slatwall,Slatwall Panels
Pegboard and Slatwall,Pegboard Accessories
Pegboard and Slatwall,Slatwall Hooks
Bolts and Screws,Metric Bolts
Bolts and Screws,Machine Screws
Bolts and Screws,Sheet Metal Screws
Bolts and Screws,Galvanized Bolts
Bolts and Screws,Socket Head Screws
Mounting Hardware,Wall Anchors
Mounting Hardware,Toggle Bolts
Mounting Hardware,Concrete Anchors
Mounting Hardware,Picture Hangers
Mounting Hardware,Hollow Wall Anchors
Swivels and Rings,Swivel Hook
Swivels and Rings,Swivel Eye
Swivels and Rings,Split Rings
Swivels and Rings,D-Ring
Swivels and Rings,Swivel Eye Bolt
Wood Screws,Wood Screw Assortment
Wood Screws,Flat Head Wood Screws
Wood Screws,Round Head Wood Screws
Wood Screws,Square Drive Wood Screws
Wood Screws,Phillips Wood Screws

Finish Hardware,Door Hinges
Finish Hardware,Door Knobs
Finish Hardware,Drawer Pulls
Finish Hardware,Cabinet Handles
Finish Hardware,Window Hardware
Collated Nails,Pneumatic Framing Nails
Collated Nails,Plastic Strip Nails
Collated Nails,Collated Roofing Nails
Collated Nails,Collated Siding Nails
Collated Nails,Collated Finishing Nails
Casters and Wheels,Swivel Casters
Casters and Wheels,Fixed Casters
Casters and Wheels,Threaded Stem Casters
Casters and Wheels,Plate Casters
Casters and Wheels,Furniture Glides
Pipe Clamps,Quick-Release Pipe Clamp
Pipe Clamps,Two-Hole Strap
Pipe Clamps,Cushion Clamp
Pipe Clamps,Pipe Hanger
Pipe Clamps,Heavy Duty Pipe Clamp
Rope and Twine,Braided Rope
Rope and Twine,Twisted Rope
Rope and Twine,Paracord
Rope and Twine,Sash Cord
Rope and Twine,Jute Twine
Turnbuckles,Hook and Eye Turnbuckle
Turnbuckles,Jaw and Eye Turnbuckle
Turnbuckles,Eye and Eye Turnbuckle
Turnbuckles,Hook and Hook Turnbuckle
Turnbuckles,Clevis and Clevis Turnbuckle
Wood and Lumber,Treated Lumber
Wood and Lumber,Untreated Lumber
Wood and Lumber,Plywood Sheets
Wood and Lumber,Hardwood Boards
Wood and Lumber,Wood Dowels


Threaded Rods,Steel Threaded Rod
Threaded Rods,Stainless Steel Threaded Rod
Threaded Rods,Brass Threaded Rod
Threaded Rods,Aluminum Threaded Rod
Threaded Rods,Nylon Threaded Rod
Nuts and Bolts,Carriage Bolt
Nuts and Bolts,Hex Bolt
Nuts and Bolts,Eye Bolt
Nuts and Bolts,Coupling Nut
Nuts and Bolts,Wing Nut
Fasteners Kits,Bolt and Nut Kit
Fasteners Kits,Anchor Kit
Fasteners Kits,Washer Kit
Fasteners Kits,O-Ring Assortment
Fasteners Kits,Screw Kit
Cable Ties,Standard Cable Ties
Cable Ties,Reusable Cable Ties
Cable Ties,Stainless Steel Cable Ties
Cable Ties,Colored Cable Ties
Cable Ties,Mounted Head Cable Ties
Strapping Tools,Strapping Tensioner
Strapping Tools,Strapping Sealer
Strapping Tools,Strapping Cutter
Strapping Tools,Banding Tool
Strapping Tools,Strapping Dispenser

Loose Fasteners,Screws
Loose Fasteners,Nails
Loose Fasteners,Washers
Loose Fasteners,Nuts
Loose Fasteners,Anchors
Adhesives and Glue,Wood Glue
Adhesives and Glue,Super Glue
Adhesives and Glue,Epoxy
Adhesives and Glue,Construction Adhesive
Adhesives and Glue,Silicone Sealant
Chain and Wire,Chain
Chain and Wire,Wire
Chain and Wire,Wire Rope
Chain and Wire,Wire Hooks
Chain and Wire,Chain Connectors
Nails and Staples,Framing Nails
Nails and Staples,Finishing Nails
Nails and Staples,Staples
Nails and Staples,Brads
Nails and Staples,Masonry Nails
Rivets,Standard Rivets
Rivets,Blind Rivets
Rivets,Structural Rivets
Rivets,Drive Rivets
Rivets,Rivet Nuts
Tape,DUCT Tape
Tape,Electrical Tape
Tape,Masking Tape
Tape,Double-Sided Tape
Tape,Foil Tape
Shelving,Brackets
Shelving,Friction Lid Support
Shelving,Shelf Standards
Shelving,Shelf Support Clips
Shelving,Walldriller Anchors

Striking Tools,Rubber Mallet
Striking Tools,Dead Blow Hammer
Striking Tools,Brass Hammer
Striking Tools,Sledge Hammer
Striking Tools,Soft-Faced Hammer
Pliers,Needle Nose Pliers
Pliers,Diagonal Cutting Pliers
Pliers,Tongue-and-Groove Pliers
Pliers,Lineman's Pliers
Pliers,Locking Pliers
Tackers and Staplers,Manual Tacker
Tackers and Staplers,Electric Tacker
Tackers and Staplers,Pneumatic Stapler
Tackers and Staplers,Hammer Tacker
Tackers and Staplers,Heavy Duty Stapler
Utility Knives,Retractable Blade Utility Knife
Utility Knives,Fixed Blade Utility Knife
Utility Knives,Snap-Off Utility Knife
Utility Knives,Folding Utility Knife
Utility Knives,Safety Cutter
Precision Tools,Micrometer
Precision Tools,Dial Indicator
Precision Tools,Dial Caliper
Precision Tools,Depth Gauge
Precision Tools,Plastic Vernier Caliper
Cutting Accessories,Pipe Cutter Blade
Cutting Accessories,Carbide-Tipped Saw Blades
Cutting Accessories,Bandsaw Blades
Cutting Accessories,Table Saw Blades
Cutting Accessories,Bolts Cutters

Pipe Tools,Tubing Bender
Pipe Tools,Pipe Reamer
Pipe Tools,Pipe Threader
Pipe Tools,Pipe Cutter
Pipe Tools,Pipe Flaring Tool
Wire Stripping Tools,Wire Stripping Pliers
Wire Stripping Tools,Coaxial Cable Stripper
Wire Stripping Tools,Fiber Optic Stripper
Wire Stripping Tools,Romex Stripper
Wire Stripping Tools,Wire Stripper/Cutter Combo
Tool Maintenance,Tool Cleaner
Tool Maintenance,Anti-Rust Spray
Tool Maintenance,Cleaning Cloth
Tool Maintenance,Lubricant Spray
Tool Maintenance,Tool Wipes
Bench Vises,Woodworker's Vise
Bench Vises,Machinist's Vise
Bench Vises,Pipe Vise
Bench Vises,Portable Vise
Bench Vises,Swivel Base Vise
Dollies,Shepherd's Hooks
Dollies,Hand Dollies
Dollies,Platform Dollies
Dollies,Furniture Dollies
Dollies,Drum Dollies
Hand Trucks,Tall Hand Trucks
Hand Trucks,Convertible Hand Trucks
Hand Trucks,Pot Mover Truck
Hand Trucks,Refrigerant Hand Trucks
Hand Trucks,Stair Climbing Carts

Clamping and Vise Tools,Handscrew Clamp
Clamping and Vise Tools,Pipe Clamp
Clamping and Vise Tools,Toggle Clamp
Clamping and Vise Tools,Drill Press Vise
Clamping and Vise Tools,Vacuum Base Vise
Electronics Tools,Wire Cutter
Electronics Tools,Soldering Station
Electronics Tools,Hot Air Gun
Electronics Tools,Heat Shrink Tubing
Electronics Tools,Anti-Static Wristband
Inspection Tools,Telescoping Inspection Mirror
Inspection Tools,Feeler Gauge
Inspection Tools,Magnet Pick-Up Tool
Inspection Tools,Telescoping Magnet
Inspection Tools,Fish Tape
Tool Sets,Hand Tool Set
Tool Sets,Computer Repair Tool Set
Tool Sets,Watch Repair Tool Kit
Tool Sets,Electronics Repair Kit
Tool Sets,Jewelry Making Tools Kit
3D Printing Tools,3D Printer
3D Printing Tools,Spool Holder
3D Printing Tools,Print Removal Tool
3D Printing Tools,Nozzle Cleaning Kit
3D Printing Tools,Bed Leveling Kit
Workshop Cranes,Engine Crane
Workshop Cranes,Shop Crane
Workshop Cranes,Hoist Crane
Workshop Cranes,Engine Stand
Workshop Cranes,Hydraulic Jack
Electrical Testers,Clamp Meter
Electrical Testers,Ground Resistance Tester
Electrical Testers,Insulation Tester
Electrical Testers,LCR Meter
Electrical Testers,Non-contact Voltage Tester

Specialty Tools,Strap Wrench
Specialty Tools,Window Installation Tool
Specialty Tools,Caulking Gun
Specialty Tools,Fencing Pliers
Specialty Tools,Plumb Bobs
Installation Tools,Countersink Drill Bit
Installation Tools,Threaded Insert Tool
Installation Tools,Rivet Nut Tool
Installation Tools,Undercut Saw
Installation Tools,Tapping Blocks
Emergency Tools,Fire Extinguisher
Emergency Tools,Life Hammer
Emergency Tools,Tornado Siren
Emergency Tools,Flashlight
Emergency Tools,Earthquake Alarm
Leather Punches,Hole Punch
Leather Punches,Mallet
Leather Punches,Edge Beveler
Leather Punches,Stitching Groover
Leather Punches,Leather Skiver
Wood Carving Tools,Gouge
Wood Carving Tools,V-Parting Tool
Wood Carving Tools,Knife
Wood Carving Tools,Chisel
Wood Carving Tools,Veiner
Accessories,Sharpening Stones
Accessories,Honing Guides
Accessories,Diamond Sharpening Plates
Accessories,Engineer Hammers
Accessories,Tool Rolls

Hoists and Winches,Chain Hoist
Hoists and Winches,Manual Winch
Hoists and Winches,Electric Hoist
Hoists and Winches,Cable Pullers
Hoists and Winches,Tow Strap
Levels and Plumb Bobs,Spirit Level
Levels and Plumb Bobs,Laser Level
Levels and Plumb Bobs,Line Level
Levels and Plumb Bobs,Plumb Bob
Levels and Plumb Bobs,Water Level
Measuring and Layout Tools,Calipers
Measuring and Layout Tools,Measuring Wheel
Measuring and Layout Tools,Trammel Points
Measuring and Layout Tools,Dividers
Measuring and Layout Tools,Feeler Gauges
Screwdrivers,Screwdriver Set
Screwdrivers,Precision Screwdriver
Screwdrivers,Offset Screwdriver
Screwdrivers,Screwdriver Bit
Screwdrivers,Ratcheting Screwdriver
Tool Organizers,Tool Caddy
Tool Organizers,Small Parts Organizer
Tool Organizers,Nail Organizer
Tool Organizers,Tool Tray
Tool Organizers,Wall-Mounted Organizer
Lifting Equipment,Hand Truck
Lifting Equipment,Furniture Dolly
Lifting Equipment,Pallet Jack
Lifting Equipment,Jack Stands
Lifting Equipment,Forklift
Heavy Duty Equipment,Concrete Mixer
Heavy Duty Equipment,Tile Cutter
Heavy Duty Equipment,Generator
Heavy Duty Equipment,Pressure Washer
Heavy Duty Equipment,Air Compressor

Wrenches,Adjustable Wrench
Wrenches,Combination Wrench
Wrenches,Socket Wrench
Wrenches,Pipe Wrench
Wrenches,Torque Wrench
Drills and Drivers,Corded Drill
Drills and Drivers,Corded Impact Driver
Drills and Drivers,Drill Press
Drills and Drivers,Corded Hammer Drill
Drills and Drivers,Corded Screwdriver
Grinders and Sanders,Corded Angle Grinder
Grinders and Sanders,Bench Grinder
Grinders and Sanders,Corded Disc Sander
Grinders and Sanders,Corded Belt Sander
Grinders and Sanders,Corded Random Orbital Sander
Routers and Planers,Corded Router
Routers and Planers,Jointer
Routers and Planers,Wood Planer
Routers and Planers,Corded Laminate Trimmer
Routers and Planers,Corded Biscuit Joiner
Saws and Blades,Corded Circular Saw
Saws and Blades,Jigsaw
Saws and Blades,Miter Saw
Saws and Blades,Table Saw
Saws and Blades,Bandsaw
Accessories,Tape Measures
Accessories,Chalk Boxes
Accessories,Straightedges
Accessories,Levels
Accessories,Angle Finders
Compressors and Pneumatic Tools,Air Ratchets
Compressors and Pneumatic Tools,Air Wrenches
Compressors and Pneumatic Tools,Brad Nailers
Compressors and Pneumatic Tools,Staple Guns
Compressors and Pneumatic Tools,Impact Wrenches

Hammers and Mallets,Claw Hammer
Hammers and Mallets,Ball Pein Hammer
Hammers and Mallets,Rubber Mallet
Hammers and Mallets,Sledgehammer
Hammers and Mallets,Dead Blow Hammer
Pry Bars,Nail Puller
Pry Bars,Crowbar
Pry Bars,Flat Pry Bar
Pry Bars,Alignment Pry Bar
Pry Bars,Tamper Bar
Garden Tools,Hand Trowel
Garden Tools,Cultivator
Garden Tools,Weeder
Garden Tools,Pruning Shears
Garden Tools,Post Hole Digger
Accessories,Hex Key Set
Accessories,Drill Bit Set
Accessories,Driver Bit Set
Accessories,Nut Driver Set
Accessories,Socket Set
Tool Kits,Homeowner Tool Kit
Tool Kits,Mechanics Tool Set
Tool Kits,Electrician Tool Set
Tool Kits,Plumbing Tool Set
Tool Kits,Woodworking Tool Set
Ratchets and Sockets,Ratchet
Ratchets and Sockets,Socket
Ratchets and Sockets,Extension Bar
Ratchets and Sockets,Universal Joint
Ratchets and Sockets,Socket Adapter
Screwdrivers and Nutdrivers,Screwdriver
Screwdrivers and Nutdrivers,Nutdriver
Screwdrivers and Nutdrivers,Phillips Screwdriver
Screwdrivers and Nutdrivers,Slotted Screwdriver
Screwdrivers and Nutdrivers,Torx Screwdriver

Vises and Clamps,Bench Vise
Vises and Clamps,Bar Clamp
Vises and Clamps,C-Clamp
Vises and Clamps,Corner Clamp
Vises and Clamps,Quick-Grip Clamp
Pneumatic Fittings,Coupler
Pneumatic Fittings,Plug
Pneumatic Fittings,Air Hose Fittings
Pneumatic Fittings,Air Line Regulator
Pneumatic Fittings,Air Line Filter
Cutting Accessories,Utility Knife Blades
Cutting Accessories,Jigsaw Blades
Cutting Accessories,Hole Saw
Cutting Accessories,Oscillating Tool Accessories
Cutting Accessories,Reciprocating Saw Blades
Scales and Balances,Digital Scale
Scales and Balances,Platform Scale
Scales and Balances,Spring Scale
Scales and Balances,Balance Scale
Scales and Balances,Postal Scale
Knives and Blades,Pocket Knife
Knives and Blades,Camping Knife
Knives and Blades,Box Cutter
Knives and Blades,Replacement Blades
Knives and Blades,Carving Knife
Manual and Electric Staplers,Manual Stapler
Manual and Electric Staplers,Electric Stapler
Manual and Electric Staplers,Brad Nails
Manual and Electric Staplers,Staples
Manual and Electric Staplers,Staple Remover
Grease and Lubrication,Grease Gun
Grease and Lubrication,WD-40
Grease and Lubrication,Chain Lube
Grease and Lubrication,Graphite Lubricant
Grease and Lubrication,Grease Cartridges

Tool Maintenance,Tool Sharpeners
Tool Maintenance,Oil Can
Tool Maintenance,Cleaning Brushes
Tool Maintenance,File and Rasp Set
Tool Maintenance,Replacement Handles
Battery Chargers,Car Battery Charger
Battery Chargers,Power Tool Battery Charger
Battery Chargers,Universal Battery Charger
Battery Chargers,AA and AAA Battery Charger
Battery Chargers,Lithium-Ion Battery Charger
Battery-Operated Tools,Cordless Drill
Battery-Operated Tools,Cordless Impact Driver
Battery-Operated Tools,Cordless Circular Saw
Battery-Operated Tools,Cordless Multi-Tool
Battery-Operated Tools,Cordless Sander
Belts and Pouches,Tool Belt
Belts and Pouches,Hammer Holder
Belts and Pouches,Plier Holder
Belts and Pouches,Tape Measure Holder
Belts and Pouches,Screwdriver Holder
Workbenches and Stands,Workbench
Workbenches and Stands,Miter Saw Stand
Workbenches and Stands,Table Saw Stand
Workbenches and Stands,Tool Stand
Workbenches and Stands,Portable Workbench
Shop Presses,Hydraulic Press
Shop Presses,Arbor Press
Shop Presses,Bushing Press
Shop Presses,Bearing Press
Shop Presses,Gear Puller

Masonry Tools,Brick Trowel
Masonry Tools,Pointing Trowel
Masonry Tools,Chisel
Masonry Tools,Masonry Brush
Masonry Tools,Mixing Tub
Concrete Tools,Concrete Trowel
Concrete Tools,Float
Concrete Tools,Edger
Concrete Tools,Rebar Cutter
Concrete Tools,Groover
Painting Tools,Paint Roller
Painting Tools,Paint Brush
Painting Tools,Paint Tray
Painting Tools,Drop Cloth
Painting Tools,Painter's Tape
Fastening Tools,Staple Gun
Fastening Tools,Rivet Gun
Fastening Tools,Glue Gun
Fastening Tools,Brad Nailer
Fastening Tools,Concrete Nails
Cutting Tools,Hand Saw
Cutting Tools,Tin Snips
Cutting Tools,Pruning Shears
Cutting Tools,Bolt Cutter
Cutting Tools,Tube Cutter
Outdoor Tools,Shovel
Outdoor Tools,Rake
Outdoor Tools,Wheelbarrow
Outdoor Tools,Post Hole Digger
Outdoor Tools,Pruner
Well Pumps,Shallow Well Pump
Well Pumps,Deep Well Pump
Well Pumps,Well Pressure Tank
Well Pumps,Well Check Valve
Well Pumps,Well Seals
Pumps,Submersible Pump
Pumps,Sump Pump
Pumps,Utility Pump
Pumps,Pool Cover Pump
Pumps,Sewage Pump
Extension Cords,Outdoor Extension Cord
Extension Cords,Indoor Extension Cord
Extension Cords,Cord Cover
Extension Cords,Cord Reel
Extension Cords,Surge Protectors

Air Tools,Air Compressor
Air Tools,Air Nailer
Air Tools,Air Impact Wrench
Air Tools,Air Hose
Air Tools,Air Ratchet
Hand Tools,Clamps
Hand Tools,Chisels
Hand Tools,Files
Hand Tools,Hex Keys
Hand Tools,Floor Scrapers
Woodworking Tools,Wood Chisel
Woodworking Tools,Carving Set
Woodworking Tools,Joinery Tools
Woodworking Tools,Planer
Woodworking Tools,Dado Blade
Plumbing Tools,Pipe Cutter
Plumbing Tools,Plunger
Plumbing Tools,Snake
Plumbing Tools,Teflon Tape
Plumbing Tools,Pipe Wrench
Electrical Tools,Wire Stripper
Electrical Tools,Multimeter
Electrical Tools,Voltage Tester
Electrical Tools,Wire Crimper
Electrical Tools,Conduit Bender
Tile Tools,Tile Saw
Tile Tools,Tile Cutter
Tile Tools,Groove Cutter
Tile Tools,Tile Spacers
Tile Tools,Grout Float
Glass Cutting Tools,Glass Cutter
Glass Cutting Tools,Glass Breaking Pliers
Glass Cutting Tools,Glass Drill Bits
Glass Cutting Tools,Glass Sanding Pad
Drywall Tools,Drywall Saw
Drywall Tools,Drywall Mud Pan
Drywall Tools,Drywall Taping Knife
Drywall Tools,Drywall Lift
Drywall Tools,Corner Trowel

Hand Tools,Hammer
Hand Tools,Screwdriver
Hand Tools,Pliers
Hand Tools,Utility Knife
Hand Tools,Measuring Tape
Hand Tools,Level
Power Tools,Drill
Power Tools,Impact Driver
Power Tools,Circular Saw
Power Tools,Reciprocating Saw
Power Tools,Table Saw
Power Tools,Angle Grinder
Tool Accessories,Drill Bits
Tool Accessories,Saw Blades
Tool Accessories,Abrasive Discs
Tool Accessories,Driver Bits
Tool Accessories,Sanding Sheets
Tool Accessories,Router Bits
Measuring Tools,Stud Finder
Measuring Tools,Combination Square
Measuring Tools,Caliper
Tool Storage,Tool Box
Tool Storage,Tool Chest
Tool Storage,Tool Bags
Automotive Tools,Jack
Automotive Tools,Wrench Set
Automotive Tools,Ratchet Set
Automotive Tools,Socket Set
Ladders,Step Ladder
Ladders,Extension Ladder
Ladders,Telescoping Ladder
Work Lights,Flashlight
Work Lights,LED Work Light
Work Lights,Rechargeable Work Lights
Welding and Soldering,Soldering Iron
Welding and Soldering,Welding Helmet
Welding and Soldering,Wire Brushes

