Adhesives and Sealants,Caulk
Adhesives and Sealants,Construction Adhesives
Adhesives and Sealants,Epoxy
Adhesives and Sealants,Glue
Adhesives and Sealants,Sealants
Braces and Brackets,Angle Bracket
Braces and Brackets,Chair Brace
Braces and Brackets,Corner Brace
Braces and Brackets,Flat Brace
Braces and Brackets,Handrail Bracket
Braces and Brackets,Mending Plate
Braces and Brackets,Post Bracket
Braces and Brackets,Stair Bracket
Braces and Brackets,Strap Hinge
Bricks and Blocks,Clay Bricks
Bricks and Blocks,Concrete Blocks
Bricks and Blocks,Fire Bricks
Bricks and Blocks,Glass Blocks
Bricks and Blocks,Retaining Wall Blocks
Ceilings,Ceiling Design Accessories
Ceilings,Ceiling Grid Clamps
Ceilings,Ceiling Light Panels
Ceilings,Fabric Ceiling Panels
Ceilings,Glue-up Ceiling Tiles
Ceilings,Suspended Ceiling Accessories
Ceilings,Suspended Ceiling Grids
Ceilings,Suspended Ceiling Tiles
Ceilings,Tongue and Groove Ceiling Planks
Ceilings,Wood Ceiling Panels
Column Covers,Aluminum Column Covers
Column Covers,Column Cap and Base Kits
Column Covers,Column Cover Accessories
Column Covers,Column Cover Clips
Column Covers,Column Cover Trim
Column Covers,Fiberglass Column Covers
Column Covers,Metal Column Covers
Column Covers,PVC Column Covers
Column Covers,Stone Column Covers
Column Covers,Wood Column Covers
Compression and Expansion Joint Materials,Asphalt Expansion Joint
Compression and Expansion Joint Materials,Ceiling joint
Compression and Expansion Joint Materials,Concrete Expansion Joint
Compression and Expansion Joint Materials,Control Joint
Compression and Expansion Joint Materials,Expansion Joint Covers
Compression and Expansion Joint Materials,Expansion Joint Sealant
Compression and Expansion Joint Materials,Roof Joint
Compression and Expansion Joint Materials,Seismic Joint
Compression and Expansion Joint Materials,Sidewalk Expansion Joint
Compression and Expansion Joint Materials,Wall Joint
Concrete,Cement Mix
Concrete,Concrete Pavers
Concrete,Concrete Repair
Concrete,Mortar Mix
Concrete,Reinforcing Mesh
Concrete,Anchoring Epoxy
Concrete,Asphalt Repair
Concrete,Concrete Bonding Agent
Concrete,Concrete Crack Filler
Concrete,Concrete Leveler
Concrete,Concrete Patch
Concrete,Concrete Resurfacer
Concrete,Epoxy Injection
Concrete,Hydraulic Cement
Concrete,Mortar Repair
Construction Hardware,Anchors
Construction Hardware,Concrete Anchors
Construction Hardware,Corner Braces
Construction Hardware,Hurricane Ties
Construction Hardware,Joist Hangers
Construction Hardware,Mending Plates
Construction Hardware,Post Bases
Construction Hardware,Shims
Construction Hardware,Strap Ties
Construction Hardware,Wall Ties
Decking and Porches,Composite Deck Boards
Decking and Porches,Deck Balusters
Decking and Porches,Deck Hardware
Decking and Porches,Deck Lighting
Decking and Porches,Deck Posts
Decking and Porches,Deck Railing
Decking and Porches,Deck Stairs
Decking and Porches,Deck Tiles
Decking and Porches,Decking Accessories
Decking and Porches,Under Deck Ceiling Systems
Decking and Porches,Wood Deck Boards
Door Stops,Baseboard Door Stops
Door Stops,Decorative Door Stops
Door Stops,Door Stop Accessories
Door Stops,Door Stop Replacement Tips
Door Stops,Door Stop Wedges
Door Stops,Floor-mounted Door Stops
Door Stops,Hinge Pin Door Stops
Door Stops,Kickdown Door Stops
Door Stops,Magnetic Door Stops
Door Stops,Wall-mounted Door Stops
Driveway and Sidewalk Building Materials,Asphalt
Driveway and Sidewalk Building Materials,Cobblestones
Driveway and Sidewalk Building Materials,Concrete
Driveway and Sidewalk Building Materials,Concrete Blocks
Driveway and Sidewalk Building Materials,Crushed Stone
Driveway and Sidewalk Building Materials,Expansion Joint
Driveway and Sidewalk Building Materials,Gravel
Driveway and Sidewalk Building Materials,Pavers
Driveway and Sidewalk Building Materials,Sand and Mortar Mix
Driveway and Sidewalk Building Materials,Stepping Stones
Engineered Wood Products,Cross-laminated Timber (CLT)
Engineered Wood Products,Engineered Wood Flooring
Engineered Wood Products,Engineered Wood Siding
Engineered Wood Products,Glulam Beam
Engineered Wood Products,I-Joist
Engineered Wood Products,Laminated Veneer Lumber (LVL)
Engineered Wood Products,Parallel Strand Lumber (PSL)
Engineered Wood Products,Rim Board
Engineered Wood Products,Structural Insulated Panels (SIP)
Engineered Wood Products,Wood Truss
Fencing and Posts,Chain Link Fencing
Fencing and Posts,Composite Fencing
Fencing and Posts,Decorative Fencing
Fencing and Posts,Electric Fencing
Fencing and Posts,Fence Gates
Fencing and Posts,Fence Hardware
Fencing and Posts,Fence Post Caps
Fencing and Posts,Vinyl Fencing
Fencing and Posts,Wood Fence Panels
Fencing and Posts,Wood Fence Posts
Flexible Molding,Base Moulding
Flexible Molding,Casing Moulding
Flexible Molding,Chair Rail Moulding
Flexible Molding,Cove Moulding
Flexible Molding,Crown Moulding
Flexible Molding,Panel Moulding
Flexible Molding,Quarter Round Moulding
Flexible Molding,Shoe Moulding
Flexible Molding,Wainscoting
Flexible Molding,Window and Door Trim
Flooring Underlayment,Cork Underlayment
Flooring Underlayment,Felt Underlayment
Flooring Underlayment,Foam Underlayment
Flooring Underlayment,OSB Underlayment
Flooring Underlayment,Particle Board Underlayment
Flooring Underlayment,Plywood Underlayment
Flooring Underlayment,Rubber Underlayment
Flooring Underlayment,Underlayment Adhesive
Flooring Underlayment,Underlayment Screws
Flooring Underlayment,Underlayment Tape
Garage Door Hardware,Garage Door Brackets
Garage Door Hardware,Garage Door Cables
Garage Door Hardware,Garage Door Hinges
Garage Door Hardware,Garage Door Keyless Entry Pads
Garage Door Hardware,Garage Door Openers
Garage Door Hardware,Garage Door Rails
Garage Door Hardware,Garage Door Remote Controls
Garage Door Hardware,Garage Door Rollers
Garage Door Hardware,Garage Door Springs
Garage Door Hardware,Garage Door Weatherstripping
Gutters and Accessories,Downspout Extensions
Gutters and Accessories,Downspouts
Gutters and Accessories,End Caps
Gutters and Accessories,Gutter Brackets
Gutters and Accessories,Gutter Elbows
Gutters and Accessories,Gutter Guards
Gutters and Accessories,Gutter Hangers
Gutters and Accessories,Gutter Sealants
Gutters and Accessories,Gutters
Gutters and Accessories,Rain Barrels
Gypsum,Drywall Corner Bead
Gypsum,Drywall Joint Compound
Gypsum,Drywall Joint Tape
Gypsum,Drywall Panels
Gypsum,Drywall Screws
Handrails and Accessories,Aluminum Handrails
Handrails and Accessories,Composite Handrails
Handrails and Accessories,Handrail Bolts
Handrails and Accessories,Handrail Endcaps
Handrails and Accessories,Handrail Mounting Kit
Handrails and Accessories,Handrail Returns
Handrails and Accessories,Stainless Steel Handrails
Handrails and Accessories,Vinyl Handrails
Handrails and Accessories,Wall Handrail Brackets
Handrails and Accessories,Wood Handrails
Homebuilders Products,Blow in Insulation Bags
Homebuilders Products,Blue Print Tubes
Homebuilders Products,IDP Flags
Homebuilders Products,Job Boxes
Homebuilders Products,Job Site Signs
Homebuilders Products,Safety Fencing
Homebuilders Products,Silt Fencing
Homebuilders Products,Temporary Power Poles
House Numbers,Aluminum House Numbers
House Numbers,Brass House Numbers
House Numbers,Cast Iron House Numbers
House Numbers,Ceramic House Numbers
House Numbers,House Number Signs
House Numbers,House Number Tiles
House Numbers,Lighted House Numbers
House Numbers,Reflective House Numbers
House Numbers,Stainless Steel House Numbers
House Numbers,Vinyl House Numbers
House Wrap,Air Barriers
House Wrap,HF Sealant
House Wrap,House Wrap Fabric
House Wrap,Moisture Barriers
House Wrap,Radiant Barriers
House Wrap,Rain Screens
House Wrap,Seam Tape
House Wrap,Vapor Barriers
House Wrap,Window Flashing
Insulation,Batt Insulation
Insulation,Blown-in Insulation
Insulation,Foam Board Insulation
Insulation,Insulation Accessories
Insulation,Rigid Insulation
Ladders and Scaffolding,Extension Ladders
Ladders and Scaffolding,Ladder Accessories
Ladders and Scaffolding,Scaffold Accessories
Ladders and Scaffolding,Scaffolding Platforms
Ladders and Scaffolding,Scaffolding Towers
Ladders and Scaffolding,Step Ladders
Ladders and Scaffolding,Telescoping Ladders
Ladders and Scaffolding,Work Platforms
Lumber,Deck Boards
Lumber,Dimensional Lumber
Lumber,Engineered Wood Products
Lumber,Fencing and Posts
Lumber,Moulding and Millwork
Lumber,Plywood
Lumber,Pressure-treated Lumber
Lumber,Reclaimed Wood
Mailboxes,Mailbox Accessories
Mailboxes,Mailbox Brackets
Mailboxes,Mailbox Covers
Mailboxes,Mailbox Locks
Mailboxes,Mailbox Numbers
Mailboxes,Mailbox Posts
Mailboxes,Parcel Drop Boxes
Mailboxes,Post Kits
Mailboxes,Post-Mount Mailboxes
Mailboxes,Wall-Mount Mailboxes
Outdoor Building Materials,Bender Board
Outdoor Building Materials,Edging Stakes
Outdoor Building Materials,Erosion Control Products
Outdoor Building Materials,Landscape Timbers
Outdoor Building Materials,Playground Borders
Outdoor Building Materials,Railroad Ties
Outdoor Building Materials,Retaining Wall Block
Outdoor Building Materials,Rubber Mulch
Partitions,Cubicle Panels
Partitions,Office Partitions
Partitions,Partition Accessories
Partitions,Partition Brackets
Partitions,Partition Connectors
Partitions,Partition Door Locks
Partitions,Privacy Panels
Partitions,Room Dividers
Partitions,Toilet Partitions
Partitions,Wall-mounted Partitions
Patching and Repair,Crack Sealant
Patching and Repair,Drywall Repair
Patching and Repair,Joint Compound
Patching and Repair,Patching Compound
Patching and Repair,Plaster
Patching and Repair,Sealers
Patching and Repair,Stucco Repair
Patching and Repair,Wall Patch Kits
Patching and Repair,Wood Fillers
Pipes and Fittings,ABS Pipes
Pipes and Fittings,Black Iron Pipe
Pipes and Fittings,Braided Supply Lines
Pipes and Fittings,Copper Pipes
Pipes and Fittings,Corrugated Pipes
Pipes and Fittings,CPVC Pipe
Pipes and Fittings,Galvanized Pipes
Pipes and Fittings,PEX Pipes
Pipes and Fittings,PVC Pipes
Pipes and Fittings,Stove Pipe
Prefabricated Components,Prefab Carports
Prefabricated Components,Prefab Decks
Prefabricated Components,Prefab Floor Trusses
Prefabricated Components,Prefab Garages
Prefabricated Components,Prefab Greenhouses
Prefabricated Components,Prefab Handrails
Prefabricated Components,Prefab Roof Trusses
Prefabricated Components,Prefab Sheds
Prefabricated Components,Prefab Stairs
Prefabricated Components,Prefab Wall Panels
Pressure Treated Lumber,Pressure Treated Boards
Pressure Treated Lumber,Pressure Treated Decking
Pressure Treated Lumber,Pressure Treated Dimensional Lumber
Pressure Treated Lumber,Pressure Treated Fasteners
Pressure Treated Lumber,Pressure Treated Fence Pickets
Pressure Treated Lumber,Pressure Treated Landscape Timbers
Pressure Treated Lumber,Pressure Treated Plywood
Pressure Treated Lumber,Pressure Treated Posts
Pressure Treated Lumber,Pressure Treated Stair Stringers
Pressure Treated Lumber,Pressure Treated Timbers
Rebar and Remesh,Rebar Accessories
Rebar and Remesh,Rebar Caps
Rebar and Remesh,Rebar Chairs
Rebar and Remesh,Steel Rebar
Roof Trusses,Attic Trusses
Roof Trusses,Flat Trusses
Roof Trusses,Gable-end Trusses
Roof Trusses,Gang-Nail Roof Trusses
Roof Trusses,Parallel Chord Trusses
Roof Trusses,Pre-Fabricated Roof Trusses
Roof Trusses,Scissor Trusses
Roof Trusses,Steel Roof Trusses
Roof Trusses,Truss Connector Plates
Roof Trusses,Wood Roof Trusses
Roofing,Asphalt Shingles
Roofing,Roof Coating
Roofing,Roof Flashing
Roofing,Roof Panels
Roofing,Roofing Nails
Sheds and Outdoor Structures,Carports
Sheds and Outdoor Structures,Garage Kits
Sheds and Outdoor Structures,Gazebos
Sheds and Outdoor Structures,Greenhouses
Sheds and Outdoor Structures,Metal Sheds
Sheds and Outdoor Structures,Pergolas
Sheds and Outdoor Structures,Pole Barns
Sheds and Outdoor Structures,Resin Sheds
Sheds and Outdoor Structures,Shed Accessories
Sheds and Outdoor Structures,Wood Sheds
Sheet Metal,Aluminum Sheets
Sheet Metal,Brass Sheets
Sheet Metal,Copper Sheets
Sheet Metal,Expanded Metal
Sheet Metal,Galvanized Steel Sheets
Sheet Metal,Metal Rods
Sheet Metal,Metal Tubes
Sheet Metal,Perforated Metal
Sheet Metal,Steel Sheets
Shelving and Accessories,Glass Shelves
Shelving and Accessories,Metal Shelves
Shelving and Accessories,Plastic Shelves
Shelving and Accessories,Shelf Brackets
Shelving and Accessories,Shelf Clips
Shelving and Accessories,Shelf Joiners
Shelving and Accessories,Shelf Liners
Shelving and Accessories,Shelf Track and Standards
Shelving and Accessories,Wire Shelves
Shelving and Accessories,Wood Shelves
Siding,Aluminum Siding
Siding,Brick Veneer Siding
Siding,Fiber Cement Siding
Siding,Siding Accessories
Siding,Siding Trim
Siding,Steel Siding
Siding,Stone Veneer Siding
Siding,Stucco Siding
Siding,Vinyl Siding
Siding,Wood Siding
Stairs and Railings,Balusters
Stairs and Railings,Handrails
Stairs and Railings,Newel Posts
Stairs and Railings,Spiral Staircases
Stairs and Railings,Stair Hardware
Stairs and Railings,Stair Kits
Stairs and Railings,Stair Nosing
Stairs and Railings,Stair Railings
Stairs and Railings,Stair Risers
Stairs and Railings,Stair Treads
Structural Columns,Aluminum Columns
Structural Columns,Column Bases
Structural Columns,Column Caps
Structural Columns,Column Covers
Structural Columns,Fiberglass Columns
Structural Columns,Wood Columns
Structural Connectors,Angle Brackets
Structural Connectors,Straps and Ties
Structural Sheathing,Diagonal Bracing
Structural Sheathing,Fiberboard Sheathing
Structural Sheathing,Foam Board Sheathing
Structural Sheathing,OSB Sheathing
Structural Sheathing,Plywood Sheathing
Structural Sheathing,Roof Sheathing
Structural Sheathing,Sheathing Adhesive
Structural Sheathing,Sheathing Screws
Structural Sheathing,Sheathing Tape
Structural Sheathing,Structural Sheathing Clips
Threshold Ramps,Durable Aluminum Ramps
Threshold Ramps,Folding Ramps
Threshold Ramps,Ramp Accessories
Threshold Ramps,Ramp Fasteners
Threshold Ramps,Ramp Kits
Threshold Ramps,Ramp Supports
Threshold Ramps,Suitcase Ramps
Threshold Ramps,Telescoping Ramps
Threshold Ramps,Threshold Plates
Threshold Ramps,Wheelchair Ramps
Tile Backer Board,Cement Board
Tile Backer Board,Exterior Tile Backer Board
Tile Backer Board,Foam Tile Backer Board
Tile Backer Board,Gypsum Tile Backer Board
Tile Backer Board,Tile Backer Board Accessories
Tile Backer Board,Tile Backer Board Screws
Tile Backer Board,Tile Backer Board Tape
Tile Backer Board,Tile Membranes
Tile Backer Board,Uncoupling Membranes
Tile Backer Board,Waterproof Tile Backer Board
Timber,Deck Support Posts
Timber,Engineered Lumber
Timber,Glulam Beams
Timber,Posts and Beams
Timber,Wood Trusses
Ventilation,Attic Vents
Ventilation,Dryer Vents
Ventilation,Gable Vents
Ventilation,Roof Vents
Ventilation,Soffit Vents
Wall Framing,Fire Blocking
Wall Framing,Framing Hardware
Wall Framing,Framing Nails and Screws
Wall Framing,Headers
Wall Framing,King and Cripple Studs
Wall Framing,Metal Studs
Wall Framing,Metal Track
Wall Framing,Soundproofing Materials
Wall Framing,Studs
Wall Framing,Top and Bottom Plates
Wall Panels,3D Wall Panels
Wall Panels,Acoustic Wall Panels
Wall Panels,Brick and Stone Wall Panels
Wall Panels,Decorative Wall Panels
Wall Panels,FRP Wall Panels
Wall Panels,MDF Wall Panels
Wall Panels,Metal Wall Panels
Wall Panels,Plywood Wall Panels
Wall Panels,Wall Panel Moulding
Wall Panels,Wood Wall Panels
Waterproofing and Sealers,Brick Sealers
Waterproofing and Sealers,Caulk and Silicone Sealants
Waterproofing and Sealers,Concrete Sealers
Waterproofing and Sealers,Driveway Sealers
Waterproofing and Sealers,Flashing Tape
Waterproofing and Sealers,Foundation Waterproofing
Waterproofing and Sealers,Masonry Sealers
Waterproofing and Sealers,Roof Sealants
Waterproofing and Sealers,Waterproofing Membranes
Waterproofing and Sealers,Wood Sealers
Weatherstripping and Weatherization,Door Seals
Weatherstripping and Weatherization,Door Sweeps
Weatherstripping and Weatherization,Draft Stoppers
Weatherstripping and Weatherization,Insulation Tape
Weatherstripping and Weatherization,Thresholds
Weatherstripping and Weatherization,V-strip Weatherstripping
Weatherstripping and Weatherization,Weatherstripping Tape
Weatherstripping and Weatherization,Window Film
Weatherstripping and Weatherization,Window Kits
Weatherstripping and Weatherization,Window Seals
Window Flashing,Corners and End Dams
Window Flashing,Door Flashing
Window Flashing,Flashing Adhesive
Window Flashing,House Wrap Tape
Window Flashing,Sill Pans
Window Flashing,Sill Tapes
Window Flashing,Window and Door Sealant
Window Flashing,Window Flashing Tape
Window Flashing,Window Wrap
Window Wells,Egress Windows
Window Wells,Escape Ladders
Window Wells,Window Well Accessories
Window Wells,Window Well Clips
Window Wells,Window Well Covers
Window Wells,Window Well Drainage
Window Wells,Window Well Extensions
Window Wells,Window Well Grates
Window Wells,Window Well Ladders
Window Wells,Window Well Liners